{"fmus":{"{uav}":"file:////home/mot/Work/Aarhus%20University/Overture/case-study_uav_swarm/FMUs/UAV.fmu","{uavCont}":"file:////home/mot/Work/Aarhus%20University/Overture/case-study_uav_swarm/FMUs/UAVCon_Rep.fmu","{uavGlobalCont}":"file:////home/mot/Work/Aarhus%20University/Overture/case-study_uav_swarm/FMUs/UAVGlobalController.fmu"},"connections":{"{uavGlobalCont}.global.uav1TargetX":["{uavCont}.controller.targetX"],"{uavGlobalCont}.global.uav1TargetY":["{uavCont}.controller.targetY"],"{uavGlobalCont}.global.uav1TargetZ":["{uavCont}.controller.targetZ"],"{uavGlobalCont}.global.uav2TargetX":["{uavCont}.controller2.targetX"],"{uavGlobalCont}.global.uav2TargetY":["{uavCont}.controller2.targetY"],"{uavGlobalCont}.global.uav2TargetZ":["{uavCont}.controller2.targetZ"],"{uavGlobalCont}.global.uav3TargetX":["{uavCont}.controller3.targetX"],"{uavGlobalCont}.global.uav3TargetY":["{uavCont}.controller3.targetY"],"{uavGlobalCont}.global.uav3TargetZ":["{uavCont}.controller3.targetZ"],"{uavGlobalCont}.global.uav4TargetX":["{uavCont}.controller4.targetX"],"{uavGlobalCont}.global.uav4TargetY":["{uavCont}.controller4.targetY"],"{uavGlobalCont}.global.uav4TargetZ":["{uavCont}.controller4.targetZ"],"{uavGlobalCont}.global.uav5TargetX":["{uavCont}.controller5.targetX"],"{uavGlobalCont}.global.uav5TargetY":["{uavCont}.controller5.targetY"],"{uavGlobalCont}.global.uav5TargetZ":["{uavCont}.controller5.targetZ"],"{uavCont}.controller.pitchOut":["{uav}.uav.pitch"],"{uavCont}.controller.rollOut":["{uav}.uav.roll"],"{uavCont}.controller.yawOut":["{uav}.uav.yaw"],"{uavCont}.controller.throttleOut":["{uav}.uav.throttle"],"{uavCont}.controller2.pitchOut":["{uav}.uav2.pitch"],"{uavCont}.controller2.rollOut":["{uav}.uav2.roll"],"{uavCont}.controller2.yawOut":["{uav}.uav2.yaw"],"{uavCont}.controller2.throttleOut":["{uav}.uav2.throttle"],"{uavCont}.controller3.pitchOut":["{uav}.uav3.pitch"],"{uavCont}.controller3.rollOut":["{uav}.uav3.roll"],"{uavCont}.controller3.yawOut":["{uav}.uav3.yaw"],"{uavCont}.controller3.throttleOut":["{uav}.uav3.throttle"],"{uavCont}.controller4.pitchOut":["{uav}.uav4.pitch"],"{uavCont}.controller4.rollOut":["{uav}.uav4.roll"],"{uavCont}.controller4.yawOut":["{uav}.uav4.yaw"],"{uavCont}.controller4.throttleOut":["{uav}.uav4.throttle"],"{uavCont}.controller5.pitchOut":["{uav}.uav5.pitch"],"{uavCont}.controller5.rollOut":["{uav}.uav5.roll"],"{uavCont}.controller5.yawOut":["{uav}.uav5.yaw"],"{uavCont}.controller5.throttleOut":["{uav}.uav5.throttle"],"{uav}.uav.velX":["{uavCont}.controller.velXIn"],"{uav}.uav.velY":["{uavCont}.controller.velYIn"],"{uav}.uav.velZ":["{uavCont}.controller.velZIn"],"{uav}.uav.currentYaw":["{uavCont}.controller.yawIn"],"{uav}.uav.batteryCharge":["{uavCont}.controller.batteryChargeIn"],"{uav}.uav.posX":["{uavCont}.controller.posXIn"],"{uav}.uav.posY":["{uavCont}.controller.posYIn"],"{uav}.uav.posZ":["{uavCont}.controller.posZIn"],"{uav}.uav2.velX":["{uavCont}.controller2.velXIn"],"{uav}.uav2.velY":["{uavCont}.controller2.velYIn"],"{uav}.uav2.velZ":["{uavCont}.controller2.velZIn"],"{uav}.uav2.currentYaw":["{uavCont}.controller2.yawIn"],"{uav}.uav2.posX":["{uavCont}.controller2.posXIn"],"{uav}.uav2.posY":["{uavCont}.controller2.posYIn"],"{uav}.uav2.posZ":["{uavCont}.controller2.posZIn"],"{uav}.uav3.velX":["{uavCont}.controller3.velXIn"],"{uav}.uav3.velY":["{uavCont}.controller3.velYIn"],"{uav}.uav3.velZ":["{uavCont}.controller3.velZIn"],"{uav}.uav3.currentYaw":["{uavCont}.controller3.yawIn"],"{uav}.uav3.batteryCharge":["{uavCont}.controller3.batteryChargeIn"],"{uav}.uav3.posX":["{uavCont}.controller3.posXIn"],"{uav}.uav3.posY":["{uavCont}.controller3.posYIn"],"{uav}.uav3.posZ":["{uavCont}.controller3.posZIn"],"{uav}.uav4.velX":["{uavCont}.controller4.velXIn"],"{uav}.uav4.velY":["{uavCont}.controller4.velYIn"],"{uav}.uav4.velZ":["{uavCont}.controller4.velZIn"],"{uav}.uav4.currentYaw":["{uavCont}.controller4.yawIn"],"{uav}.uav4.batteryCharge":["{uavCont}.controller4.batteryChargeIn"],"{uav}.uav4.posX":["{uavCont}.controller4.posXIn"],"{uav}.uav4.posY":["{uavCont}.controller4.posYIn"],"{uav}.uav4.posZ":["{uavCont}.controller4.posZIn"],"{uav}.uav5.velX":["{uavCont}.controller5.velXIn"],"{uav}.uav5.velY":["{uavCont}.controller5.velYIn"],"{uav}.uav5.velZ":["{uavCont}.controller5.velZIn"],"{uav}.uav5.currentYaw":["{uavCont}.controller5.yawIn"],"{uav}.uav5.batteryCharge":["{uavCont}.controller5.batteryChargeIn"],"{uav}.uav5.posX":["{uavCont}.controller5.posXIn"],"{uav}.uav5.posY":["{uavCont}.controller5.posYIn"],"{uav}.uav5.posZ":["{uavCont}.controller5.posZIn"]},"parameters":{},"livestream":{"{uav}.uav2":["velX","posX"],"{uav}.uav":["posX"],"{uav}.uav5":["posX"],"{uav}.uav4":["posX"],"{uav}.uav3":["posX"]},"algorithm":{"type":"fixed-step","size":0.1}}