{"startTime":0,"endTime":1,"reportProgress":true,"liveLogInterval":0,"logLevels":{"{ether}.ether":["logAll","logError","logFmiCall","Protocol","VdmOut","VdmErr"],"{uavCont}.controller":["logAll","logError","logFmiCall","Protocol","VdmOut","VdmErr"],"{uavCont}.controller2":["logAll","logError","logFmiCall","Protocol","VdmOut","VdmErr"],"{uavCont}.controller3":["logAll","logError","logFmiCall","Protocol","VdmOut","VdmErr"],"{uavCont}.controller4":["logAll","logError","logFmiCall","Protocol","VdmOut","VdmErr"],"{uavCont}.controller5":["logAll","logError","logFmiCall","Protocol","VdmOut","VdmErr"],"{uavGlobalCont}.global":["logAll","logError","logFmiCall","Protocol","VdmOut","VdmErr"],"{uav}.uav":[],"{uav}.uav2":[],"{uav}.uav3":[],"{uav}.uav4":[],"{uav}.uav5":[]}}