time , step-size , {uav2}.uav2.batteryCharge , {uav2}.uav2.currentYaw , {uav2}.uav2.posX , {uav2}.uav2.posY , {uav2}.uav2.posZ , {uav2}.uav2.velX , {uav2}.uav2.velY , {uav2}.uav2.velZ , {uavCont2}.controller2.pitchOut , {uavCont2}.controller2.rollOut , {uavCont2}.controller2.throttleOut , {uavCont2}.controller2.yawOut , {uavCont}.controller.pitchOut , {uavCont}.controller.rollOut , {uavCont}.controller.throttleOut , {uavCont}.controller.yawOut , {uav}.uav.batteryCharge , {uav}.uav.currentYaw , {uav}.uav.posX , {uav}.uav.posY , {uav}.uav.posZ , {uav}.uav.velX , {uav}.uav.velY , {uav}.uav.velZ
0.0 , 0.0 , 6480.0 , 0.0 , 5.0 , 5.0 , 0.5 , 0.0 , 0.0 , 0.0 , 0.0 , 0.0 , 0.0 , 0.0 , 0.0 , 0.0 , 0.0 , 0.0 , 6480.0 , 0.0 , 5.0 , 5.0 , 0.5 , 0.0 , 0.0 , 0.0
0.05 , 0.05 , 6480.0 , 0.0 , 5.0 , 5.0 , 0.48773978499389453 , 0.0 , 0.0 , -0.4903016023394045 , 0.35 , -0.35 , 1.23 , 0.0 , 0.35 , -0.35 , 1.23 , 0.0 , 6480.0 , 0.0 , 5.0 , 5.0 , 0.48773978499389453 , 0.0 , 0.0 , -0.4903016023394045
0.1 , 0.05 , 6478.510403587067 , 0.0 , 4.997969324272113 , 4.997969324272113 , 0.4839489532254772 , -0.10458567562874094 , -0.10458567562874094 , 0.40015348880426715 , 0.35 , -0.28 , 4.95 , 0.0 , 0.35 , -0.35 , 1.26 , 0.0 , 6478.510403587067 , 0.0 , 4.997969324272113 , 4.997969324272113 , 0.4839489532254772 , -0.10458567562874094 , -0.10458567562874094 , 0.40015348880426715
0.15000000000000002 , 0.05 , 6477.088741525001 , 0.0 , 4.988108711638434 , 4.9878780684296 , 0.5219332411961797 , -0.29939022670508086 , -0.31421222585107633 , 1.1144320860519574 , 0.35 , -0.28 , 6.07 , 0.0 , 0.35 , -0.35 , 2.29 , 0.0 , 6477.078757476663 , 0.0 , 4.987884714229073 , 4.987884714229073 , 0.5218955108917545 , -0.31373280464046016 , -0.3137328046404601 , 1.1118799965730402
0.2 , 0.05 , 6475.892614526115 , 0.0 , 4.972457771665976 , 4.97108731205761 , 0.5776177663093484 , -0.48757018086400017 , -0.5321164793225552 , 1.6666328763845946 , 0.35 , 0.2 , 5.1899999999999995 , 0.0 , 0.35 , -0.35 , 1.3199999999999998 , 0.0 , 6475.8642498583595 , 0.0 , 4.971137523664154 , 4.971137523664154 , 0.577369202597763 , -0.530221003887971 , -0.5302210038879709 , 1.6579991381605226
0.25 , 0.05 , 6474.417951152935 , 0.0 , 4.943140523784582 , 4.936733267302298 , 0.6780188728918523 , -0.6530790634005226 , -0.8504669960766336 , 2.35075711607362 , 0.35 , 0.2 , 4.93 , 0.0 , 0.35 , -0.35 , 0.8799999999999999 , 0.0 , 6474.293364224209 , 0.0 , 4.937025118998294 , 4.937025118998294 , 0.6767905568153417 , -0.840778490192529 , -0.840778490192529 , 2.313776898916764
0.3 , 0.05 , 6473.025121630864 , 0.0 , 4.90929449399382 , 4.885478251454455 , 0.8125818561463882 , -0.6814631485356117 , -1.2045245025963194 , 3.0291210221976903 , 0.35 , 0.2 , 5.05 , 0.0 , 0.35 , -0.35 , 0.9099999999999999 , 0.0 , 6472.878671270073 , 0.0 , 4.887577273082671 , 4.887577273082671 , 0.8050589744210956 , -1.1391041319571624 , -1.1391041319571624 , 2.807807235255511
0.35 , 0.05 , 6471.5983309311905 , 0.0 , 4.876381766602086 , 4.815963537304673 , 0.9806362278287923 , -0.6223159888204878 , -1.578702886150966 , 3.6893578128494444 , 0.35 , 0.2 , 4.67 , 0.0 , 0.35 , -0.35 , 0.43999999999999995 , 0.0 , 6471.395113178176 , 0.0 , 4.822573331175251 , 4.822573331175251 , 0.9582177306159486 , -1.46366735452457 , -1.46366735452457 , 3.316627236618946
0.39999999999999997 , 0.05 , 6470.116370390478 , 0.0 , 4.8479774620724285 , 4.727440570617 , 1.181175992185074 , -0.505463369454207 , -1.9635176088563173 , 4.328327990650087 , 0.35 , 0.2 , 4.29 , 0.0 , 0.35 , -0.35 , 0.47 , 0.0 , 6470.671491160185 , 0.0 , 4.745266265645833 , 4.745266265645833 , 1.1238962302787516 , -1.6222997020257672 , -1.6222997020257672 , 3.2890451941704195
0.44999999999999996 , 0.05 , 6468.599904437159 , 0.0 , 4.826439088519009 , 4.619538791292968 , 1.4131236405630752 , -0.350522299281716 , -2.352997976910941 , 4.945721165608359 , 0.35 , 0.2 , 2.8 , 0.0 , 0.35 , -0.35 , -1.2 , 0.0 , 6469.894212526883 , 0.0 , 4.6598578934835615 , 4.6598578934835615 , 1.2884059222582682 , -1.794801241732775 , -1.794801241732775 , 3.2922004446379667
0.49999999999999994 , 0.05 , 6467.061455098798 , 0.0 , 4.8133253045655415 , 4.4921296371992225 , 1.6754097926037748 , -0.17034026943485558 , -2.7432378644227056 , 5.5419560332341335 , 0.35 , 0.2 , 2.8899999999999997 , 0.0 , 0.35 , -0.35 , -1.2 , 0.0 , 6469.894212526883 , 0.0 , 4.570138603659773 , 4.570138603659773 , 1.4406542124860195 , -1.7867514876864983 , -1.7867514876864983 , 2.7784563480475164
0.5499999999999999 , 0.05 , 6465.508793625162 , 0.0 , 4.80967204436225 , 4.345246320387466 , 1.9669877225499617 , 0.026683682537457537 , -3.1315606603265014 , 6.117454032531579 , 0.35 , 0.2 , 2.9799999999999995 , 0.0 , 0.35 , -0.35 , -1.2 , 0.0 , 6469.894212526883 , 0.0 , 4.480999990659536 , 4.480999990659536 , 1.5668860776770874 , -1.7788057827321053 , -1.7788057827321053 , 2.271970565212388
0.6 , 0.05 , 6463.946842680271 , 0.0 , 4.816172571842563 , 4.179035400826173 , 2.2868274508912823 , 0.23497292730764202 , -3.516045441199142 , 6.672454313638662 , 0.35 , 0.2 , 2.5700000000000003 , 0.0 , 0.35 , -0.35 , -0.7 , 0.0 , 6469.894212526883 , 0.0 , 4.392256899773222 , 4.392256899773222 , 1.6679427339823776 , -1.7709304341478824 , -1.7709304341478824 , 1.7712079710025994
0.65 , 0.05 , 6462.378771487901 , 0.0 , 4.833285340969053 , 3.993726464248109 , 2.633906394208999 , 0.4505801010922055 , -3.895255197160138 , 7.207022729794651 , 0.35 , 0.0 , 1.0200000000000005 , 0.0 , 0.35 , -0.35 , -0.19999999999999996 , 0.0 , 6469.894212526883 , 0.0 , 4.303905836515423 , 4.303905836515423 , 1.7440774505728973 , -1.7631245115826686 , -1.7631245115826686 , 1.2748622100811735
0.7000000000000001 , 0.05 , 6460.83330091847 , 0.0 , 4.860693424630266 , 3.7895739903243104 , 3.0073075120084525 , 0.631564892908365 , -4.270470107719897 , 7.727680083960195 , 0.35 , 0.0 , 1.08 , 0.0 , 0.35 , -0.35 , -0.19999999999999996 , 0.0 , 6469.894212526883 , 0.0 , 4.215943352508381 , 4.215943352508381 , 1.7954793517653267 , -1.755387101016529 , -1.755387101016529 , 0.7816714130077587
0.7500000000000001 , 0.05 , 6459.331373323816 , 0.0 , 4.895479710587545 , 3.5667483578141144 , 3.406472901946601 , 0.7511301477782745 , -4.64152354256121 , 8.236123570244072 , 0.35 , 0.0 , 0.6400000000000006 , 0.0 , 0.35 , -0.35 , -0.19999999999999996 , 0.0 , 6469.894212526883 , 0.0 , 4.128366044674391 , 4.128366044674391 , 1.8222753109205123 , -1.747717304403976 , -1.747717304403976 , 0.2904051267722967
0.8000000000000002 , 0.05 , 6458.38968121197 , 0.0 , 4.934424862455444 , 3.3291525267809123 , 3.8207322384178384 , 0.8014897142741345 , -4.855512736039215 , 8.317375698001841 , 0.35 , 0.0 , -0.5299999999999994 , 0.0 , 0.35 , -0.35 , 0.30000000000000004 , 0.0 , 6469.894212526883 , 0.0 , 4.041170554445804 , 4.041170554445804 , 1.8245312890710017 , -1.7401142393265034 , -1.7401142393265034 , -0.20012245093114756
0.8500000000000002 , 0.05 , 6458.38968121197 , 0.0 , 4.974501372313025 , 3.08757343748855 , 4.220949113676665 , 0.7998835772514015 , -4.797150669923812 , 7.666595793231513 , 0.35 , 0.0 , -0.9699999999999998 , 0.0 , 0.35 , -0.35 , 1.3 , 0.0 , 6469.392981840526 , 0.0 , 3.9514906715981026 , 3.9514906715981026 , 1.8101494569021925 , -1.8516851702728072 , -1.8516851702728072 , -0.3619906058826384
0.9000000000000002 , 0.05 , 6458.38968121197 , 0.0 , 5.014455613924414 , 2.8491432456328796 , 4.588532909020436 , 0.7982872353189993 , -4.74030106718137 , 7.04089966291838 , 0.35 , 0.0 , -0.9399999999999995 , 0.0 , 0.35 , -0.35 , 1.3 , 0.0 , 6467.721983365448 , 0.0 , 3.849455797404554 , 3.849455797404554 , 1.8063880411118411 , -2.2401553754295978 , -2.2401553754295978 , 0.24204931822322331
0.9500000000000003 , 0.05 , 6458.38968121197 , 0.0 , 5.054330197585638 , 2.6135220300443365 , 4.925385187156725 , 0.7966972523912347 , -4.684783093516757 , 6.436857245627835 , 0.35 , 0.0 , -1.6399999999999995 , 0.0 , 0.35 , -0.35 , 1.3 , 0.0 , 6466.050831110522 , 0.0 , 3.7278224737051575 , 3.7278224737051575 , 1.8335714288246483 , -2.6243508026279128 , -2.6243508026279128 , 0.8449516929308856
1.0000000000000002 , 0.05 , 6458.38968121197 , 0.0 , 5.0941254402975416 , 2.3806443752256463 , 5.232524561102502 , 0.7951135905471388 , -4.630550503186673 , 5.851954240134361 , 0.1200000000000001 , -0.28 , -1.6399999999999995 , 0.0 , 0.24 , -0.24 , 0.30000000000000004 , 0.0 , 6464.379575791086 , 0.0 , 3.5871000294942883 , 3.5871000294942883 , 1.8908390931084655 , -3.003593411105631 , -3.003593411105631 , 1.445102807338329
1.0500000000000003 , 0.05 , 6458.38968121197 , 0.0 , 5.133841657172462 , 2.1504471244861074 , 5.510850321483532 , 0.7935362121666591 , -4.577559167339592 , 5.283924490213065 , 0.1200000000000001 , -0.28 , -1.8699999999999994 , 0.0 , 0.040000000000000036 , -0.040000000000000036 , -0.19999999999999996 , 0.0 , 6463.883971316713 , 0.0 , 3.4343109134933654 , 3.4343109134933654 , 1.9597441058669272 , -3.0945239712220585 , -3.0945239712220585 , 1.2823575328306567
1.1000000000000003 , 0.05 , 6458.38968121197 , 0.0 , 5.173479161449191 , 1.9228692771285514 , 5.761153850318091 , 0.7919650799276806 , -4.525766954261173 , 4.7307114341863254 , 0.1200000000000001 , -0.28 , -1.8999999999999995 , 0.0 , 0.040000000000000036 , -0.040000000000000036 , -0.19999999999999996 , 0.0 , 6463.883971316713 , 0.0 , 3.2800725643142044 , 3.2800725643142044 , 2.011854545284619 , -3.070734238029508 , -3.070734238029508 , 0.7890862814354462
1.1500000000000004 , 0.05 , 6458.38968121197 , 0.0 , 5.213038264507806 , 1.6978518914201364 , 5.984128261128512 , 0.7904001568030821 , -4.475133617658256 , 4.190435475266274 , 0.1200000000000001 , -0.28 , -1.9299999999999995 , 0.0 , 0.040000000000000036 , -0.040000000000000036 , -0.19999999999999996 , 0.0 , 6463.883971316713 , 0.0 , 3.127122310138078 , 3.127122310138078 , 2.0390206663094115 , -3.047340348323638 , -3.047340348323638 , 0.2978000165705361
1.2000000000000004 , 0.05 , 6458.38968121197 , 0.0 , 5.252519275884341 , 1.4753379929608637 , 6.180376531329108 , 0.7888414060578276 , -4.425620692358865 , 3.6613661166916893 , -0.15999999999999992 , -0.28 , -1.4599999999999995 , 0.0 , 0.040000000000000036 , -0.040000000000000036 , -0.9299999999999999 , 0.0 , 6463.883971316713 , 0.0 , 2.9753328703166244 , 2.9753328703166244 , 2.04164624760327 , -3.024300208114136 , -3.024300208114136 , -0.19273227329976642
1.2500000000000004 , 0.05 , 6458.38968121197 , 0.0 , 5.291922503285321 , 1.2552724880934512 , 6.350418341113922 , 0.787288791246092 , -4.3771913968601845 , 3.1418979374523843 , -0.15999999999999992 , -0.28 , -2.2499999999999996 , 0.0 , -0.24 , 0.24 , 0.010000000000000009 , 0.0 , 6463.883971316713 , 0.0 , 2.8246867575529326 , 2.8246867575529326 , 2.01975551795592 , -3.0016058538179395 , -3.0016058538179395 , -0.6827050489508141
1.3000000000000005 , 0.05 , 6458.38968121197 , 0.0 , 5.331248252602157 , 1.0376020820253475 , 6.494695791510341 , 0.7857422762084201 , -4.329810542205616 , 2.630529662057123 , -0.15999999999999992 , -0.28 , -2.3099999999999996 , 0.0 , -0.24 , 0.24 , -0.020000000000000018 , 0.0 , 6463.872169847008 , 0.0 , 2.675149949521617 , 2.675149949521617 , 1.9736983374406476 , -2.979708973484435 , -2.979708973484435 , -1.1586765128324494
1.3500000000000005 , 0.05 , 6458.38968121197 , 0.0 , 5.370496827925383 , 0.8222752013584841 , 6.613578140513644 , 0.7842018250689197 , -4.2834444467165165 , 2.1258457143991065 , -0.15999999999999992 , -0.28 , -2.3699999999999997 , 0.0 , -0.24 , 0.24 , -0.04999999999999982 , 0.0 , 6463.872169847008 , 0.0 , 2.526716979879998 , 2.526716979879998 , 1.9036230445458788 , -2.9576765300969385 , -2.9576765300969385 , -1.6442185690607451
1.4000000000000006 , 0.05 , 6458.38968121197 , 0.0 , 5.409668531558771 , 0.6092419207450568 , 6.707365668471882 , 0.7826674022324872 , -4.2380608561444015 , 1.626499750852663 , -0.15999999999999992 , -0.28 , -1.9299999999999997 , 0.0 , -0.040000000000000036 , 0.040000000000000036 , 2.15 , 0.0 , 6463.872169847008 , 0.0 , 2.379377319781054 , 2.379377319781054 , 1.809352547599376 , -2.935967460403313 , -2.935967460403313 , -2.1257852559444355
1.4500000000000006 , 0.05 , 6458.38968121197 , 0.0 , 5.448763664033305 , 0.39845389340841775 , 6.776292760758917 , 0.7811389723820666 , -4.193628868845824 , 1.1311997482993417 , -0.35 , -0.28 , -1.5499999999999998 , 0.0 , -0.040000000000000036 , 0.040000000000000036 , 3.15 , 0.0 , 6462.52765524887 , 0.0 , 2.2369030632770426 , 2.2369030632770426 , 1.7202837759544627 , -2.7649659635422386 , -2.7649659635422386 , -1.3875775437661786
1.5000000000000007 , 0.05 , 6458.38968121197 , 0.0 , 5.48778252412101 , 0.18986428528720178 , 6.820530276166054 , 0.7796165004759391 , -4.150118865615156 , 0.6386942839727858 , -0.35 , -0.28 , -1.6099999999999999 , 0.0 , -0.040000000000000036 , 0.040000000000000036 , 3.15 , 0.0 , 6461.2370849019035 , 0.0 , 2.102143603886461 , 2.102143603886461 , 1.669410323643074 , -2.630513410445129 , -2.630513410445129 , -0.6471448787765184
1.5500000000000007 , 0.05 , 6458.38968121197 , 0.0 , 5.52672540884865 , -0.016572287421708153 , 6.8401872524901 , 0.7780999517450453 , -4.107502443840469 , 0.14775968958628996 , -0.35 , -0.28 , -1.67 , 0.0 , -0.040000000000000036 , 0.040000000000000036 , 2.15 , 0.0 , 6459.9818098927035 , 0.0 , 1.9734789465781206 , 1.9734789465781206 , 1.6555890002055453 , -2.5195521060485038 , -2.5195521060485038 , 0.09458341668088299
1.6000000000000008 , 0.05 , 6458.38968121197 , 0.0 , 5.565592613511304 , -0.22089981752972446 , 6.8353129768381935 , 0.7765892916903384 , -4.065752355674911 , -0.342678185479076 , -0.35 , -0.28 , -1.23 , 0.0 , -0.040000000000000036 , 0.040000000000000036 , 1.15 , 0.0 , 6458.7507247385765 , 0.0 , 1.8499338728253731 , 1.8499338728253731 , 1.6788886071392066 , -2.424630374948346 , -2.424630374948346 , 0.8373549532769173
1.6500000000000008 , 0.05 , 6458.38968121197 , 0.0 , 5.604384431685791 , -0.4231609631262059 , 6.805932903002001 , 0.7750844860801683 , -4.024842449940787 , -0.8322670516675806 , -0.35 , -0.28 , -0.3500000000000001 , 0.0 , -0.32000000000000006 , 0.32000000000000006 , 0.15000000000000002 , 0.0 , 6457.536087197493 , 0.0 , 1.730841368597491 , 1.730841368597491 , 1.7392920329317028 , -2.340706910770814 , -2.340706910770814 , 1.5781260233051255
1.7000000000000008 , 0.05 , 6458.38968121197 , 0.0 , 5.643101155243982 , -0.6233971010312468 , 6.752118860477587 , 0.7735855009476961 , -3.9847476175060335 , -1.3198235527060704 , -0.35 , -0.28 , -0.41000000000000014 , 0.0 , -0.32000000000000006 , 0.32000000000000006 , 0.15000000000000002 , 0.0 , 6457.341390946045 , 0.0 , 1.6145782370063866 , 1.6145782370063866 , 1.8114546062197052 , -2.3089743007650854 , -2.3089743007650854 , 1.2662619749880863
1.7500000000000009 , 0.05 , 6458.38968121197 , 0.0 , 5.681743074365972 , -0.8216483775991422 , 6.67400191462018 , 0.7720923025883378 , -3.9454437398933293 , -1.8041743709706037 , -0.35 , -0.28 , -0.4700000000000002 , 0.0 , -0.32000000000000006 , 0.32000000000000006 , -0.35 , 0.0 , 6457.12632926948 , 0.0 , 1.500201295107906 , 1.500201295107906 , 1.8669430212552758 , -2.2643460296776503 , -2.2643460296776503 , 0.9529244614102801
1.800000000000001 , 0.05 , 6458.38968121197 , 0.0 , 5.720310477553132 , -1.0179537570285557 , 6.571771071929146 , 0.7706048575572386 , -3.9069076409008674 , -2.2841771400898403 , -0.35 , -0.28 , 0.46999999999999975 , 0.0 , -0.32000000000000006 , 0.32000000000000006 , -0.35 , 0.0 , 6457.12632926948 , 0.0 , 1.387339236780525 , 1.387339236780525 , 1.9024642633484194 , -2.251608166244807 , -2.251608166244807 , 0.4611106930023187
1.850000000000001 , 0.05 , 6457.6250066079465 , 0.0 , 5.755168690578399 , -1.2079285513654292 , 6.458301239001049 , 0.6177901223580798 , -3.6850656419383223 , -2.233819514135576 , -0.35 , -0.28 , 1.3499999999999996 , 0.0 , -0.32000000000000006 , 0.32000000000000006 , 0.15000000000000002 , 0.0 , 6457.12632926948 , 0.0 , 1.2750745500699003 , 1.2750745500699003 , 1.9132507737935458 , -2.2390047745937083 , -2.2390047745937083 , -0.02955380046181992
1.900000000000001 , 0.05 , 6455.995872527117 , 0.0 , 5.778155005015673 , -1.381631144159072 , 6.36206513865291 , 0.29501755495340204 , -3.255372433280852 , -1.5932684234016976 , -0.35 , -0.28 , 1.2899999999999996 , 0.0 , -0.32000000000000006 , 0.32000000000000006 , 0.15000000000000002 , 0.0 , 6456.888230184772 , 0.0 , 1.164589956226979 , 1.164589956226979 , 1.9036481080031553 , -2.1781144756162365 , -2.1781144756162365 , -0.3478921218022295
1.950000000000001 , 0.05 , 6454.365299427115 , 0.0 , 5.784852732097821 , -1.5337434542302697 , 6.298278107918404 , -0.02703317037456268 , -2.829869738425947 , -0.9591229370333901 , -0.35 , -0.28 , 1.2299999999999995 , 0.0 , -0.32000000000000006 , 0.32000000000000006 , 1.15 , 0.0 , 6456.647370429955 , 0.0 , 1.0572412767898482 , 1.0572412767898482 , 1.8782743874066536 , -2.1156211972751255 , -2.1156211972751255 , -0.6671297975564239
2.000000000000001 , 0.05 , 6452.733767640618 , 0.0 , 5.775456443671038 , -1.6646839224102767 , 6.266090996905199 , -0.34873805332381647 , -2.408466978929053 , -0.32885732701444986 , -0.35 , -0.28 , 0.16999999999999948 , 0.0 , -0.32000000000000006 , 0.32000000000000006 , 1.15 , 0.0 , 6455.029804891555 , 0.0 , 0.9601289987012644 , 0.9601289987012644 , 1.859997560440005 , -1.7563280171093765 , -1.7563280171093765 , -0.02666928857873574
2.0500000000000007 , 0.05 , 6452.400794941757 , 0.0 , 5.752309071711601 , -1.805870740009733 , 6.23649670263686 , -0.4139164556682864 , -2.3091138370497375 , -0.6883919517606285 , -0.35 , -0.08000000000000002 , -0.9500000000000006 , 0.0 , -0.35 , 0.35 , 1.15 , 0.0 , 6453.07880781057 , 0.0 , 0.8677960604123194 , 0.8677960604123194 , 1.881275603143 , -1.3208373728570533 , -1.3208373728570533 , 0.7346936026303575
2.1000000000000005 , 0.05 , 6452.400794941757 , 0.0 , 5.731569360136521 , -1.9209259965557204 , 6.190049602898724 , -0.4134863070891472 , -2.29587610743277 , -1.176683065818535 , -0.35 , -0.08000000000000002 , -1.0100000000000007 , 0.0 , -0.35 , 0.35 , 1.15 , 0.0 , 6451.441951976433 , 0.0 , 0.8109487871683893 , 0.8109487871683893 , 1.9336940850533064 , -0.950913600317219 , -0.950913600317219 , 1.359581710546085
2.1500000000000004 , 0.05 , 6452.400794941757 , 0.0 , 5.710905723400554 , -2.035391566894826 , 6.119064622631147 , -0.41305932116952776 , -2.2827737063053917 , -1.662097067629804 , -0.35 , -0.08000000000000002 , -1.0700000000000007 , 0.0 , -0.35 , 0.35 , 0.15000000000000002 , 0.0 , 6449.792963254548 , 0.0 , 0.7728479693842484 , 0.7728479693842484 , 2.0170347234347994 , -0.5718272117708468 , -0.5718272117708468 , 1.9719045139673894
2.2 , 0.05 , 6452.400794941757 , 0.0 , 5.690263413924717 , -2.1492057461407534 , 6.023904228613526 , -0.4126332161927185 , -2.269820005348546 , -2.143495212986493 , -0.35 , -0.08000000000000002 , -0.13000000000000078 , 0.0 , -0.35 , 0.35 , -0.35 , 0.0 , 6449.544468209153 , 0.0 , 0.7460380221943025 , 0.7460380221943025 , 2.1082268847022 , -0.5134076089258612 , -0.5134076089258612 , 1.6386855186236293
2.25 , 0.05 , 6452.400794941757 , 0.0 , 5.669642387730006 , -2.2623759061159014 , 5.904797262788418 , -0.41220798943523196 , -2.2570124874334865 , -2.6197633724318683 , -0.35 , -0.08000000000000002 , 0.7499999999999996 , 0.0 , -0.35 , 0.35 , -1.6099999999999999 , 0.0 , 6449.544468209153 , 0.0 , 0.7204420828688799 , 0.7204420828688799 , 2.1779252892936842 , -0.5127524447441907 , -0.5127524447441907 , 1.1432751830707562
2.3 , 0.05 , 6451.267618952902 , 0.0 , 5.646633162996605 , -2.367347452150704 , 5.7827486172660025 , -0.5102305794477544 , -1.929773317272497 , -2.228302995120706 , -0.35 , -0.08000000000000002 , 0.6899999999999995 , 0.0 , -0.35 , 0.35 , -1.64 , 0.0 , 6449.544468209153 , 0.0 , 0.6948208793543551 , 0.6948208793543551 , 2.222765100310646 , -0.5120959985884738 , -0.5120959985884738 , 0.650716057292372
2.3499999999999996 , 0.05 , 6450.231626095531 , 0.0 , 5.619051734804675 , -2.4563194419808565 , 5.679382475974091 , -0.5914058262273868 , -1.6305401230226806 , -1.9095864742295432 , -0.35 , -0.08000000000000002 , 1.8599999999999994 , 0.0 , -0.35 , 0.35 , -1.67 , 0.0 , 6449.544468209153 , 0.0 , 0.6692324561519023 , 0.6692324561519023 , 2.243022433249531 , -0.5114412311007419 , -0.5114412311007419 , 0.15975749538084177
2.3999999999999995 , 0.05 , 6448.736634220055 , 0.0 , 5.58675379763024 , -2.527274755733435 , 5.600412218586965 , -0.7006118028858834 , -1.2029471064532544 , -1.2357716764916218 , -0.35 , -0.08000000000000002 , 1.8299999999999994 , 0.0 , -0.35 , 0.35 , -1.2 , 0.0 , 6449.544468209153 , 0.0 , 0.6436767294890411 , 0.6436767294890411 , 2.238747912727957 , -0.5107881358501684 , -0.5107881358501684 , -0.3306885361504227
2.4499999999999993 , 0.05 , 6447.246011256386 , 0.0 , 5.549122331948821 , -2.576783126840621 , 5.55538559655236 , -0.8037391146286119 , -0.777740424382329 , -0.5657872792788701 , -0.35 , -0.08000000000000002 , 0.7699999999999994 , 0.0 , -0.35 , 0.35 , -0.26 , 0.0 , 6449.544468209153 , 0.0 , 0.6181536159140112 , 0.6181536159140112 , 2.2099665824040318 , -0.5101367064387324 , -0.5101367064387324 , -0.820312219281969
2.499999999999999 , 0.05 , 6446.100503256114 , 0.0 , 5.507005190076614 , -2.6074052273310415 , 5.537414294320744 , -0.8795155104259691 , -0.4511970175880577 , -0.1638238865490108 , -0.35 , -0.08000000000000002 , 0.7399999999999993 , 0.0 , -0.35 , 0.35 , -0.29000000000000004 , 0.0 , 6449.544468209153 , 0.0 , 0.5926630322941375 , 0.5926630322941375 , 2.1567488156120294 , -0.5094869365010105 , -0.5094869365010105 , -1.3079325283429648
2.549999999999999 , 0.05 , 6445.001096281425 , 0.0 , 5.461254656608031 , -2.6221207663719124 , 5.538431545934804 , -0.9500495194946426 , -0.13800838882358463 , 0.2031116062821602 , -0.35 , -0.08000000000000002 , -0.2900000000000005 , 0.0 , -0.35 , 0.35 , -0.31999999999999984 , 0.0 , 6449.544468209153 , 0.0 , 0.5672048958142056 , 0.5672048958142056 , 2.079224242399976 , -0.5088388197039686 , -0.5088388197039686 , -1.7923755265206975
2.5999999999999988 , 0.05 , 6445.001096281425 , 0.0 , 5.413736871990477 , -2.628707179602823 , 5.537180995312814 , -0.9477915514189365 , -0.13796461668512108 , -0.2873795779558392 , -0.35 , -0.08000000000000002 , -0.3200000000000005 , 0.0 , -0.35 , 0.35 , 0.6500000000000001 , 0.0 , 6449.544468209153 , 0.0 , 0.541779123974847 , 0.541779123974847 , 1.9775804716519463 , -0.5081923497467569 , -0.5081923497467569 , -2.2724979617207572
2.6499999999999986 , 0.05 , 6445.001096281425 , 0.0 , 5.366403353718599 , -2.6356042210599058 , 5.510562592996272 , -0.9455510884630087 , -0.1379170475038078 , -0.77712306324872 , -0.35 , -0.08000000000000002 , -0.38000000000000056 , 0.0 , -0.35 , 0.35 , 2.82 , 0.0 , 6448.458271849082 , 0.0 , 0.5225969921440924 , 0.5225969921440924 , 1.8690519417875728 , -0.24881716857828018 , -0.2488171685782802 , -2.040797055969256
2.6999999999999984 , 0.05 , 6445.001096281425 , 0.0 , 5.319181594072823 , -2.642498884877868 , 5.459499136371581 , -0.9433211928844797 , -0.13786951111419313 , -1.2649679825785358 , -0.35 , -0.08000000000000002 , -0.4100000000000006 , 0.0 , -0.35 , 0.35 , 2.82 , 0.0 , 6446.787070773893 , 0.0 , 0.5199812960172422 , 0.5199812960172422 , 1.7819029702016917 , 0.1497464371118784 , 0.1497464371118784 , -1.4309015886741556
2.7499999999999982 , 0.05 , 6445.001096281425 , 0.0 , 5.272071066552131 , -2.649391172695447 , 5.384115065130935 , -0.9411017900960534 , -0.13782200748238146 , -1.7497382185624866 , -0.35 , -0.08000000000000002 , -0.4400000000000006 , 0.0 , -0.35 , 0.35 , 2.82 , 0.0 , 6445.115782729455 , 0.0 , 0.5374275706672641 , 0.5374275706672641 , 1.725505912118929 , 0.5479844298940151 , 0.5479844298940151 , -0.8256303363887065
2.799999999999998 , 0.05 , 6445.001096281425 , 0.0 , 5.225071248367327 , -2.6562810861496864 , 5.28459293122057 , -0.938892806210728 , -0.13777453657452385 , -2.2302873727485153 , -0.35 , -0.08000000000000002 , 0.5299999999999994 , 0.0 , -0.35 , 0.35 , 1.82 , 0.0 , 6443.444436381844 , 0.0 , 0.5747624288402673 , 0.5747624288402673 , 1.6992973542156675 , 0.945143820881803 , 0.9451438208818032 , -0.223027907638304
2.849999999999998 , 0.05 , 6444.215643151206 , 0.0 , 5.176994894500463 , -2.6577878294688966 , 5.175863238017996 , -0.9860812517792118 , 0.08646122831960346 , -2.0946806904301294 , -0.35 , -0.08000000000000002 , 1.4699999999999993 , 0.0 , -0.35 , 0.35 , 0.8200000000000001 , 0.0 , 6441.773050943948 , 0.0 , 0.6319118218379254 , 0.6319118218379254 , 1.7031889886671487 , 1.3404233341107263 , 1.3404233341107263 , 0.3785971405898289
2.8999999999999977 , 0.05 , 6442.7337784266465 , 0.0 , 5.125467494300625 , -2.6430909595039274 , 5.087522043717335 , -1.0766575319037954 , 0.5092460075253938 , -1.4183369033715176 , -0.35 , -0.08000000000000002 , 1.4399999999999995 , 0.0 , -0.35 , 0.35 , 0.8200000000000001 , 0.0 , 6440.402493392072 , 0.0 , 0.707044347817839 , 0.707044347817839 , 1.732423359669548 , 1.661578087269318 , 1.661578087269318 , 0.7826914943716671
2.9499999999999975 , 0.05 , 6441.251995743706 , 0.0 , 5.069382631946965 , -2.607079971056271 , 5.033405582982071 , -1.166629060816385 , 0.9309138606591323 , -0.7469980420628617 , -0.28 , -0.08000000000000002 , 1.4099999999999993 , 0.0 , -0.35 , 0.35 , -0.17999999999999997 , 0.0 , 6439.031921428139 , 0.0 , 0.7980986624672793 , 0.7980986624672793 , 1.7816279663179173 , 1.9800694401196324 , 1.9800694401196324 , 1.1851200950506113
2.9999999999999973 , 0.05 , 6439.777835816958 , 0.0 , 5.008808031360186 , -2.5502472965502894 , 5.012857717881147 , -1.2563936276913397 , 1.336720300985059 , -0.07333792357978527 , -0.28 , 0.12 , 0.37999999999999945 , 0.0 , -0.35 , 0.35 , -0.17999999999999997 , 0.0 , 6439.031921428139 , 0.0 , 0.8971820602109722 , 0.8971820602109722 , 1.8294458828571563 , 1.9702513446415355 , 1.9702513446415355 , 0.6922640977489796
3.049999999999997 , 0.05 , 6439.23497524256 , 0.0 , 4.945374936743801 , -2.47958160138295 , 5.008785263369787 , -1.2728556042241839 , 1.4787810954274967 , -0.1178425457665864 , -0.08000000000000002 , 0.12 , -0.6800000000000006 , 0.0 , -0.35 , 0.35 , -0.17999999999999997 , 0.0 , 6439.031921428139 , 0.0 , 0.995452771544544 , 0.995452771544544 , 1.851777949033839 , 1.9605941932835196 , 1.9605941932835196 , 0.20121715684246208
3.099999999999997 , 0.05 , 6439.23497524256 , 0.0 , 4.88182709812487 , -2.4056357149934255 , 4.991083381883354 , -1.268817272025168 , 1.473312980696044 , -0.6079715607950187 , -0.08000000000000002 , 0.12 , -0.7100000000000009 , 0.0 , -0.35 , 0.35 , -0.17999999999999997 , 0.0 , 6439.031921428139 , 0.0 , 1.0932429867171805 , 1.0932429867171805 , 1.8495759056234848 , 1.9510312488101291 , 1.9510312488101291 , -0.2892559534124509
3.149999999999997 , 0.05 , 6439.23497524256 , 0.0 , 4.81848664928088 , -2.3321054126576675 , 4.94845957486855 , -1.2648052563461636 , 1.4679062694879692 , -1.096607013375549 , -0.08000000000000002 , 0.35 , -0.7400000000000007 , 0.0 , -0.35 , 0.35 , -0.17999999999999997 , 0.0 , 6439.031921428139 , 0.0 , 1.1905573816570925 , 1.1905573816570925 , 1.8228637888613672 , 1.941561139411112 , 1.941561139411112 , -0.7789944418444184
3.1999999999999966 , 0.05 , 6439.23497524256 , 0.0 , 4.755346167838477 , -2.258844455483257 , 4.881465488728076 , -1.2608185327705992 , 1.4625390958805657 , -1.58257156804645 , -0.08000000000000002 , 0.35 , 0.4599999999999992 , 0.0 , -0.35 , 0.35 , 0.8200000000000001 , 0.0 , 6439.031921428139 , 0.0 , 1.2874005643675333 , 1.2874005643675333 , 1.7717069815422273 , 1.9321825197820186 , 1.9321825197820186 , -1.2668298207037714
3.2499999999999964 , 0.05 , 6438.583163956325 , 0.0 , 4.6948165121350565 , -2.1839652954087585 , 4.8035352774943805 , -1.150560523924601 , 1.533420028519834 , -1.5134544417548617 , -0.08000000000000002 , 0.35 , 1.459999999999999 , 0.0 , -0.35 , 0.35 , 1.82 , 0.0 , 6437.661322793118 , 0.0 , 1.3915967437929833 , 1.3915967437929833 , 1.7176757432171186 , 2.248099282159975 , 2.2480992821599743 , -0.8590825942366326
3.2999999999999963 , 0.05 , 6437.140976729899 , 0.0 , 4.644367748353127 , -2.103895412350491 , 4.744920041315409 , -0.8525833352396572 , 1.6688903340778922 , -0.8079802524398207 , -0.08000000000000002 , 0.35 , 1.459999999999999 , 0.0 , -0.35 , 0.35 , 1.82 , 0.0 , 6435.989859971136 , 0.0 , 1.5135412658017033 , 1.5135412658017033 , 1.6895847647779587 , 2.6316909928739176 , 2.631690992873917 , -0.25703280911526966
3.349999999999996 , 0.05 , 6435.684040674188 , 0.0 , 4.610063155647696 , -2.0174340469674537 , 4.721891553817012 , -0.5136212277916615 , 1.7869953398721297 , -0.11498304929463735 , -0.08000000000000002 , 0.35 , 1.459999999999999 , 0.0 , -0.35 , 0.35 , 0.8200000000000001 , 0.0 , 6434.318396430278 , 0.0 , 1.6546129649249033 , 1.6546129649249033 , 1.6917608603968959 , 3.01020819052958 , 3.0102081905295797 , 0.3439905934823428
3.399999999999996 , 0.05 , 6434.218183850467 , 0.0 , 4.593438066206316 , -1.92538415442301 , 4.733293289064558 , -0.1473707461238679 , 1.8932339656931416 , 0.5697623925787438 , -0.08000000000000002 , 0.2 , 0.4599999999999992 , 0.0 , -0.35 , 0.35 , 0.8200000000000001 , 0.0 , 6432.947795931457 , 0.0 , 1.8127579797431075 , 1.8127579797431075 , 1.7192544372777705 , 3.311873379292898 , 3.3118733792928974 , 0.7476857062717132
3.4499999999999957 , 0.05 , 6433.549430700431 , 0.0 , 4.590450839668738 , -1.8296360818744086 , 4.763661761233864 , 0.015768571400484474 , 1.9338934912098051 , 0.6208876208769394 , 0.2 , 0.2 , -0.5400000000000008 , 0.0 , -0.35 , 0.35 , -0.17999999999999997 , 0.0 , 6431.577195167528 , 0.0 , 1.9857924630132258 , 1.9857924630132258 , 1.7667004765165781 , 3.6085765680530817 , 3.6085765680530812 , 1.1497979020248377
3.4999999999999956 , 0.05 , 6433.549430700431 , 0.0 , 4.591392532656878 , -1.7331258868875972 , 4.78297370409175 , 0.01576759060998156 , 1.924579228284975 , 0.12995456642515754 , 0.2 , 0.2 , -0.5400000000000008 , 0.0 , -0.35 , 0.35 , -0.17999999999999997 , 0.0 , 6431.577195167528 , 0.0 , 2.165734045590795 , 2.165734045590795 , 1.8127563802236706 , 3.5761965330577192 , 3.576196533057719 , 0.6571073635143271
3.5499999999999954 , 0.05 , 6433.549430700431 , 0.0 , 4.592180896649212 , -1.6371277152835546 , 4.777209372449554 , 0.01576696909219707 , 1.9153635623480467 , -0.36047064358827785 , 0.2 , 0.0 , -0.5400000000000008 , 0.0 , -0.35 , 0.35 , -0.6799999999999999 , 0.0 , 6431.577195167528 , 0.0 , 2.3437490941198043 , 2.3437490941198043 , 1.833332881945211 , 3.5445069747130087 , 3.5445069747130082 , 0.16613576615820705
3.599999999999995 , 0.05 , 6433.549430700431 , 0.0 , 4.592969229566882 , -1.5415881253963395 , 4.746940805344561 , 0.015766347623407912 , 1.9062357324488621 , -0.8500065227396247 , 0.2 , 0.0 , -0.5400000000000008 , 0.0 , -0.24 , 0.24 , -0.17999999999999997 , 0.0 , 6431.577195167528 , 0.0 , 2.5201936484430814 , 2.5201936484430814 , 1.8293772010582607 , 3.5133741001149987 , 3.5133741001149983 , -0.3243145429815496
3.649999999999995 , 0.05 , 6433.549430700431 , 0.0 , 4.593757531412336 , -1.4465027567768758 , 4.692241997226082 , 0.015765726203608287 , 1.8971944887746313 , -1.337467034064432 , 0.2 , 0.0 , 0.4599999999999992 , 0.0 , -0.24 , 0.24 , 0.8200000000000001 , 0.0 , 6431.577195167528 , 0.0 , 2.6950951769136653 , 2.6950951769136653 , 1.8009141848451755 , 3.4827833682984037 , 3.4827833682984033 , -0.813956444227387
3.699999999999995 , 0.05 , 6432.934697632902 , 0.0 , 4.595783944214902 , -1.35387719694058 , 4.626663582923 , 0.0641366555514699 , 1.8028128821460674 , -1.2633930318128164 , 0.2 , 0.0 , 0.4599999999999992 , 0.0 , -0.24 , 0.24 , 0.8200000000000001 , 0.0 , 6430.25044282767 , 0.0 , 2.875404792893563 , 2.875404792893563 , 1.770134602316438 , 3.736961071788059 , 3.7369610717880586 , -0.37831201977427936
3.7499999999999947 , 0.05 , 6432.326345913811 , 0.0 , 4.599858530321213 , -1.2662706006045572 , 4.565329245889979 , 0.09649997337434565 , 1.7002898171449927 , -1.1901496932805038 , 0.2 , 0.0 , 1.459999999999999 , 0.0 , -0.24 , 0.24 , 0.8200000000000001 , 0.0 , 6428.943740340876 , 0.0 , 3.068151791546838 , 3.068151791546838 , 1.7623257736418134 , 3.9695964823465726 , 3.9695964823465717 , 0.06746019969008839
3.7999999999999945 , 0.05 , 6431.013818218229 , 0.0 , 4.60591529387301 , -1.1867417591387373 , 4.523373513537052 , 0.14359274756327664 , 1.4746703858882448 , -0.4626151809933444 , 0.2 , 0.0 , 1.459999999999999 , 0.0 , -0.24 , 0.24 , 0.8200000000000001 , 0.0 , 6427.651260572395 , 0.0 , 3.2721093778536368 , 3.2721093778536368 , 1.776986816430594 , 4.18619592725689 , 4.186195927256889 , 0.5198620204796774
3.8499999999999943 , 0.05 , 6429.708281929711 , 0.0 , 4.613939628565345 , -1.1187993046663345 , 4.518363939617245 , 0.1750944647792182 , 1.2420359809941275 , 0.2619315873057572 , 0.2 , 0.0 , 0.4599999999999992 , 0.0 , 0.24 , -0.24 , -0.17999999999999997 , 0.0 , 6426.368662095905 , 0.0 , 3.48657596808116 , 3.48657596808116 , 1.814363940252386 , 4.390514998590286 , 4.390514998590285 , 0.9755613663104395
3.899999999999994 , 0.05 , 6429.109954092753 , 0.0 , 4.622967010052644 , -1.0595920735235138 , 4.533810652110434 , 0.18474177658062987 , 1.1309658302230965 , 0.329632301618611 , 0.2 , 0.0 , 0.4599999999999992 , 0.0 , 0.24 , -0.24 , -0.17999999999999997 , 0.0 , 6426.368662095905 , 0.0 , 3.7051483379911225 , 3.7051483379911225 , 1.8517825318439296 , 4.342739941817191 , 4.34273994181719 , 0.48359051918420465
3.949999999999994 , 0.05 , 6428.513142127416 , 0.0 , 4.632376683251857 , -1.0058460755416876 , 4.551976239378929 , 0.19117342692441092 , 1.0187202839675187 , 0.39691922627983633 , 0.2 , 0.0 , -0.5400000000000008 , 0.0 , 0.24 , -0.24 , -0.17999999999999997 , 0.0 , 6426.368662095905 , 0.0 , 3.9211147526759196 , 3.9211147526759196 , 1.8636921480840447 , 4.2960980144633 , 4.296098014463299 , -0.007099469433913458
3.999999999999994 , 0.05 , 6428.513142127416 , 0.0 , 4.641938375771145 , -0.9550844025149817 , 4.560112506607742 , 0.19108200082673701 , 1.0161434980625825 , -0.09370531227601345 , 0.2 , 0.0 , -0.5400000000000008 , 0.0 , 0.24 , -0.24 , -0.17999999999999997 , 0.0 , 6426.368662095905 , 0.0 , 4.134773995738469 , 4.134773995738469 , 1.8510771019870171 , 4.250447325531213 , 4.250447325531213 , -0.49739224698841533
4.049999999999994 , 0.05 , 6428.513142127416 , 0.0 , 4.651490194489248 , -0.9043416570986528 , 4.543169412024451 , 0.19099076358424866 , 1.0135686705242508 , -0.5838701858515847 , 0.35 , 0.0 , 0.4599999999999992 , 0.0 , 0.35 , -0.35 , 0.8200000000000001 , 0.0 , 6426.368662095905 , 0.0 , 4.346174841421941 , 4.346174841421941 , 1.8139724682979805 , 4.205756608533861 , 4.205756608533861 , -0.9864676486017256
4.099999999999993 , 0.05 , 6427.90869756052 , 0.0 , 4.66108754545731 , -0.8566284801488759 , 4.515070350160735 , 0.19285312908587632 , 0.8851647819481131 , -0.5190707858436712 , 0.35 , 0.0 , 0.4599999999999992 , 0.0 , 0.35 , -0.35 , 0.8200000000000001 , 0.0 , 6425.188618311298 , 0.0 , 4.551457816584925 , 4.551457816584925 , 1.7761025471549663 , 3.9884029030330863 , 3.9884029030330863 , -0.49349473788557396
4.149999999999993 , 0.05 , 6427.289211427128 , 0.0 , 4.670762676879198 , -0.8160705738640155 , 4.4906094198428255 , 0.1940562966926853 , 0.7339454163647021 , -0.4602983911146849 , 0.35 , 0.0 , 0.4599999999999992 , 0.0 , 0.35 , -0.35 , 0.8200000000000001 , 0.0 , 6423.933922365516 , 0.0 , 4.744390335542423 , 4.744390335542423 , 1.7632380436972317 , 3.7222837343703437 , 3.7222837343703437 , -0.02501240019354596
4.199999999999993 , 0.05 , 6426.660567629838 , 0.0 , 4.680486279904088 , -0.7834639062406638 , 4.468969114292137 , 0.1948244380493468 , 0.5682128165574241 , -0.406005779889806 , 0.28 , 0.0 , 0.4599999999999992 , 0.0 , 0.32000000000000006 , -0.32000000000000006 , 0.8200000000000001 , 0.0 , 6422.635905118294 , 0.0 , 4.92323590403254 , 4.92323590403254 , 1.773298132779344 , 3.4276445357513134 , 3.4276445357513134 , 0.42439025589190205
4.249999999999993 , 0.05 , 6426.029970678051 , 0.0 , 4.690240586729488 , -0.7593000820405826 , 4.449988703671836 , 0.19530646480610606 , 0.39939023727226824 , -0.3529304690180669 , 0.28 , 0.0 , 0.4599999999999992 , 0.0 , 0.32000000000000006 , -0.32000000000000006 , -0.17999999999999997 , 0.0 , 6421.316635850216 , 0.0 , 5.08696011495566 , 5.08696011495566 , 1.8054837594078805 , 3.1207016558785945 , 3.1207016558785945 , 0.8617514934159938
4.299999999999993 , 0.05 , 6425.401913448606 , 0.0 , 4.7000139175300015 , -0.7434602557558838 , 4.433692278938005 , 0.19559886202662352 , 0.23477023974518046 , -0.2987898885490223 , 0.28 , 0.0 , 0.4599999999999992 , 0.0 , 0.32000000000000006 , -0.32000000000000006 , -0.17999999999999997 , 0.0 , 6421.316635850216 , 0.0 , 5.242108885277623 , 5.242108885277623 , 1.8372000800310895 , 3.096630349088635 , 3.096630349088635 , 0.37017559441053716
4.3499999999999925 , 0.05 , 6424.775440940452 , 0.0 , 4.709798448109964 , -0.7357822427277911 , 4.42011930745823 , 0.19576360326271222 , 0.07272261643160483 , -0.24404301221277963 , 0.28 , 0.0 , 0.4599999999999992 , 0.0 , 0.35 , -0.35 , -0.17999999999999997 , 0.0 , 6421.316635850216 , 0.0 , 5.3963440364408415 , 5.3963440364408415 , 1.8434427764050378 , 3.072841754056407 , 3.072841754056407 , -0.12040641418767864
4.399999999999992 , 0.05 , 6424.150038120054 , 0.0 , 4.719588917539321 , -0.7361616453462837 , 4.40929399491402 , 0.19584257827794319 , -0.08765913887988767 , -0.18891571592921863 , 0.28 , 0.0 , 0.4599999999999992 , 0.0 , 0.35 , -0.35 , -0.17999999999999997 , 0.0 , 6421.316635850216 , 0.0 , 5.549398863112181 , 5.549398863112181 , 1.8251655073434845 , 3.0494158643360447 , 3.0494158643360447 , -0.6105243068661709
4.449999999999992 , 0.05 , 6423.525355770646 , 0.0 , 4.729381792893538 , -0.7445299549525378 , 4.401231489840047 , 0.19586398501704388 , -0.246891187205067 , -0.133550975490082 , 0.08000000000000002 , 0.0 , 0.4599999999999992 , 0.0 , 0.35 , -0.35 , 0.8200000000000001 , 0.0 , 6421.316635850216 , 0.0 , 5.7012912936105 , 5.7012912936105 , 1.7824143070711986 , 3.02634444743673 , 3.02634444743673 , -1.0991488853723155
4.499999999999992 , 0.05 , 6422.913379804791 , 0.0 , 4.739174714965104 , -0.760544673722316 , 4.396020083752808 , 0.19584744758884712 , -0.3864472964376288 , -0.07306962144611187 , 0.08000000000000002 , 0.0 , 0.4599999999999992 , 0.0 , 0.35 , -0.35 , 0.8200000000000001 , 0.0 , 6419.958194791621 , 0.0 , 5.844535246120268 , 5.844535246120268 , 1.7369600336123765 , 2.6910011053190273 , 2.6910011053190273 , -0.6838756900020011
4.549999999999992 , 0.05 , 6422.322947394783 , 0.0 , 4.748966133601722 , -0.7826782481871611 , 4.394033673092342 , 0.19580550293199378 , -0.4943530636825252 , -0.005515354902932541 , 0.08000000000000002 , 0.0 , 0.4599999999999992 , 0.0 , 0.35 , -0.35 , 1.82 , 0.0 , 6418.595658960502 , 0.0 , 5.970716144420641 , 5.970716144420641 , 1.7130471910178282 , 2.356437645021899 , 2.356437645021899 , -0.27328635190923345
4.599999999999992 , 0.05 , 6421.74757812261 , 0.0 , 4.758754987875974 , -0.8096489064330877 , 4.39552519705399 , 0.19574608513586106 , -0.5813936017643805 , 0.06564676633561577 , 0.08000000000000002 , 0.0 , 0.4599999999999992 , 0.0 , 0.35 , -0.35 , 0.8200000000000001 , 0.0 , 6416.930740975389 , 0.0 , 6.078517115005013 , 6.078517115005013 , 1.714321352012607 , 1.9531339065003015 , 1.9531339065003015 , 0.3316849670377976
4.6499999999999915 , 0.05 , 6421.182755627852 , 0.0 , 4.768540554281742 , -0.8405933773436359 , 4.4006291847602474 , 0.19567482904652989 , -0.6543002946192785 , 0.13877073162021283 , 0.08000000000000002 , 0.0 , -0.5400000000000008 , 0.0 , 0.35 , -0.35 , -0.17999999999999997 , 0.0 , 6415.563721779786 , 0.0 , 6.167825425414304 , 6.167825425414304 , 1.7412514178786482 , 1.6223059107018318 , 1.6223059107018318 , 0.7372251512359475
4.699999999999991 , 0.05 , 6421.182755627852 , 0.0 , 4.778321923406817 , -0.8733500827915558 , 4.3958696092925456 , 0.1955791538626601 , -0.6532272708557868 , -0.35166751894553266 , 0.08000000000000002 , 0.0 , -0.5400000000000008 , 0.0 , 0.35 , -0.35 , -0.17999999999999997 , 0.0 , 6415.563721779786 , 0.0 , 6.248455263423824 , 6.248455263423824 , 1.766722000188523 , 1.6158043964766053 , 1.6158043964766053 , 0.24600731919926197
4.749999999999991 , 0.05 , 6421.182755627852 , 0.0 , 4.7880984911474735 , -0.9059848050599659 , 4.366040634578553 , 0.19548357258404528 , -0.6521622455313948 , -0.8412298113454384 , 0.08000000000000002 , 0.0 , -0.5400000000000008 , 0.0 , 0.35 , -0.35 , -0.17999999999999997 , 0.0 , 6415.563721779786 , 0.0 , 6.3290827274470445 , 6.3290827274470445 , 1.7667588385575224 , 1.609303600069751 , 1.609303600069751 , -0.2444931163120578
4.799999999999991 , 0.05 , 6421.182755627852 , 0.0 , 4.797870282159245 , -0.938566362818302 , 4.311779564735218 , 0.19538808468264396 , -0.651100687400054 , -1.3287380092783305 , 0.08000000000000002 , 0.0 , 0.4599999999999992 , 0.0 , 0.35 , -0.35 , -0.17999999999999997 , 0.0 , 6415.563721779786 , 0.0 , 6.409386456957979 , 6.409386456957979 , 1.7422824945561943 , 1.6028549027792778 , 1.6028549027792778 , -0.7343460280869831
4.849999999999991 , 0.05 , 6420.635805454087 , 0.0 , 4.80763742843825 , -0.9723314352293433 , 4.246776191984848 , 0.19529766553397038 , -0.7011511713617784 , -1.24886011339311 , 0.08000000000000002 , 0.0 , 1.459999999999999 , 0.0 , 0.35 , -0.35 , 0.8200000000000001 , 0.0 , 6415.563721779786 , 0.0 , 6.4893690412722425 , 6.4893690412722425 , 1.6933530199902493 , 1.5964576808008302 , 1.5964576808008302 , -1.222404288887245
4.899999999999991 , 0.05 , 6419.450116692355 , 0.0 , 4.817400118370352 , -1.009990509536987 , 4.20225015748232 , 0.19520961449887853 , -0.8068839221426736 , -0.5061964132402295 , 0.08000000000000002 , 0.0 , 1.459999999999999 , 0.0 , 0.35 , -0.35 , 0.8200000000000001 , 0.0 , 6414.193602015103 , 0.0 , 6.561232117844136 , 6.561232117844136 , 1.64151183541827 , 1.2654666044565381 , 1.2654666044565381 , -0.8159537349710649
4.94999999999999 , 0.05 , 6418.266670917572 , 0.0 , 4.827158348610865 , -1.0529102143223825 , 4.19546324093757 , 0.1951192601007498 , -0.9094174454157621 , 0.23461835823933214 , 0.08000000000000002 , 0.0 , 1.459999999999999 , 0.0 , 0.35 , -0.35 , 1.82 , 0.0 , 6412.82332349211 , 0.0 , 6.616273358951737 , 6.616273358951737 , 1.6108323523015917 , 0.936492452536892 , 0.936492452536892 , -0.4114841610567258
4.99999999999999 , 0.05 , 6417.084732736137 , 0.0 , 4.836912020373548 , -1.100895319591479 , 4.225696948626301 , 0.19502739117734152 , -1.0096263790789937 , 0.9743346271519314 , -0.2 , 0.0 , 0.4599999999999992 , 0.0 , 0.35 , -0.35 , 0.8200000000000001 , 0.0 , 6411.152122385879 , 0.0 , 6.653189374547535 , 6.653189374547535 , 1.6050552156516802 , 0.5375451673703687 , 0.5375451673703687 , 0.18812712735469111
5.04999999999999 , 0.05 , 6416.563636643115 , 0.0 , 4.846661041909549 , -1.1521109962329288 , 4.276934282149995 , 0.19493335727495148 , -1.0264532674679734 , 1.0489171400928814 , -0.35 , 0.0 , -0.5400000000000008 , 0.0 , 0.28 , -0.28 , -0.17999999999999997 , 0.0 , 6409.781666172376 , 0.0 , 6.671832605295311 , 6.671832605295311 , 1.6247303964645143 , 0.2111502630816226 , 0.2111502630816226 , 0.5908714664157108
5.09999999999999 , 0.05 , 6416.563636643115 , 0.0 , 4.856405336397835 , -1.2033615784915812 , 4.31763316028678 , 0.19483840599807073 , -1.0238266444131423 , 0.5566998065755702 , -0.35 , 0.0 , -0.5400000000000008 , 0.0 , 0.28 , -0.28 , -0.17999999999999997 , 0.0 , 6409.781666172376 , 0.0 , 6.682061549065729 , 6.682061549065729 , 1.6428904676830594 , 0.21104520787357986 , 0.21104520787357986 , 0.09997274288384819
5.14999999999999 , 0.05 , 6416.563636643115 , 0.0 , 4.866144884811858 , -1.2544875040310282 , 4.333194924964877 , 0.19474354719296197 , -1.0212127827844248 , 0.06590946870376252 , -0.35 , 0.0 , -1.040000000000001 , 0.0 , 0.28 , -0.28 , -0.17999999999999997 , 0.0 , 6409.781666172376 , 0.0 , 6.6926110266440775 , 6.6926110266440775 , 1.6356273997975295 , 0.21093391639392658 , 0.21093391639392658 , -0.3904289943790331
5.1999999999999895 , 0.05 , 6416.563636643115 , 0.0 , 4.875879692594251 , -1.3054830697617121 , 4.32422912904348 , 0.19464878070860572 , -1.0186122337076633 , -0.4244623318706499 , -0.35 , 0.0 , -0.5400000000000008 , 0.0 , 0.28 , -0.28 , -0.17999999999999997 , 0.0 , 6409.781666172376 , 0.0 , 6.703154942582127 , 6.703154942582127 , 1.603862906385252 , 0.210822742228146 , 0.210822742228146 , -0.8798720948135175
5.249999999999989 , 0.05 , 6416.563636643115 , 0.0 , 4.8856097643576835 , -1.3563489387704721 , 4.290765366601273 , 0.19455410641029153 , -1.0160248957387854 , -0.9137946136489012 , -0.35 , 0.0 , 0.4599999999999992 , 0.0 , 0.28 , -0.28 , 0.8200000000000001 , 0.0 , 6409.781666172376 , 0.0 , 6.713693302740932 , 6.713693302740932 , 1.5476746253410847 , 0.21071168519084257 , 0.21071168519084257 , -1.3671674750218994
5.299999999999989 , 0.05 , 6415.935789566512 , 0.0 , 4.895335108068855 , -1.4031923443071401 , 4.245934617259912 , 0.19445965534321422 , -0.8493365260914469 , -0.8583456072934674 , -0.35 , 0.0 , 0.4599999999999992 , 0.0 , 0.28 , -0.28 , 0.8200000000000001 , 0.0 , 6408.463674729235 , 0.0 , 6.717520949688291 , 6.717520949688291 , 1.4894353879976425 , -0.06810746023714016 , -0.06810746023714018 , -0.9253858982953642
5.349999999999989 , 0.05 , 6415.301803285255 , 0.0 , 4.905055730507597 , -1.4412928288880138 , 4.204330380854533 , 0.1943652523394803 , -0.6733320432059371 , -0.8063420694659755 , -0.35 , 0.0 , 0.4599999999999992 , 0.0 , 0.28 , -0.28 , 1.82 , 0.0 , 6407.149542321661 , 0.0 , 6.707217167429739 , 6.707217167429739 , 1.4542068226100202 , -0.3435126693240265 , -0.3435126693240265 , -0.4837441436335277
5.399999999999989 , 0.05 , 6414.663823571174 , 0.0 , 4.914771634309433 , -1.4704288140849069 , 4.16526162312673 , 0.1942709119844318 , -0.4912207308517706 , -0.7567782839742826 , -0.2 , 0.0 , 0.4599999999999992 , 0.0 , 0.08000000000000002 , -0.08000000000000002 , 0.8200000000000001 , 0.0 , 6405.5501328153505 , 0.0 , 6.681771787777442 , 6.681771787777442 , 1.4459732882095402 , -0.6761601408622515 , -0.6761601408622515 , 0.1627002066705084
5.449999999999989 , 0.05 , 6414.031465838786 , 0.0 , 4.924482822869852 , -1.490565961841224 , 4.128695927331473 , 0.19417664417867875 , -0.31890235798136946 , -0.7044293214408804 , -0.2 , 0.0 , 0.4599999999999992 , 0.0 , 0.08000000000000002 , -0.08000000000000002 , -0.17999999999999997 , 0.0 , 6404.278390563517 , 0.0 , 6.6416030151072905 , 6.6416030151072905 , 1.46563788790798 , -0.9163681196267446 , -0.9163681196267446 , 0.6219335046300346
5.4999999999999885 , 0.05 , 6413.41135426995 , 0.0 , 4.934189299989601 , -1.5026319187781756 , 4.0949068897261975 , 0.19408245518119177 , -0.16657748796191352 , -0.6463896801214908 , -0.2 , 0.0 , 0.4599999999999992 , 0.0 , 0.08000000000000002 , -0.08000000000000002 , -0.17999999999999997 , 0.0 , 6404.278390563517 , 0.0 , 6.595625443621113 , 6.595625443621113 , 1.4854208778444955 , -0.9142539831365162 , -0.9142539831365162 , 0.13097124129769472
5.549999999999988 , 0.05 , 6412.79961144946 , 0.0 , 4.9438910697119605 , -1.5074298764144107 , 4.064107574835909 , 0.19398834886397426 , -0.02724837388475505 , -0.5851412526371198 , -0.2 , 0.0 , 0.4599999999999992 , 0.0 , 0.08000000000000002 , -0.08000000000000002 , -0.17999999999999997 , 0.0 , 6404.278390563517 , 0.0 , 6.549964909436914 , 6.549964909436914 , 1.4797073683037887 , -0.9121690978851815 , -0.9121690978851815 , -0.3594547174475472
5.599999999999988 , 0.05 , 6412.193671940443 , 0.0 , 4.953588136242339 , -1.5054948345367074 , 4.036423076941672 , 0.19389432789457495 , 0.10336910023724638 , -0.5219727245540788 , -0.2 , 0.0 , 0.4599999999999992 , 0.0 , 0.08000000000000002 , -0.08000000000000002 , -0.17999999999999997 , 0.0 , 6404.278390563517 , 0.0 , 6.504408382043144 , 6.504408382043144 , 1.4494895319424008 , -0.9100936998355478 , -0.9100936998355478 , -0.8489936645182234
5.649999999999988 , 0.05 , 6411.5917093108355 , 0.0 , 4.963280503896067 , -1.4971866352671797 , 4.011928596404062 , 0.19380039405763438 , 0.22808208878217504 , -0.4576458771923059 , 0.0 , 0.0 , 0.4599999999999992 , 0.0 , 0.08000000000000002 , -0.08000000000000002 , 0.8200000000000001 , 0.0 , 6404.278390563517 , 0.0 , 6.458955388697613 , 6.458955388697613 , 1.3948412396148493 , -0.908027724377829 , -0.908027724377829 , -1.336459698521181
5.699999999999988 , 0.05 , 6411.006096520009 , 0.0 , 4.972968177061864 , -1.4830470511994645 , 3.9907281856238055 , 0.1937065485559915 , 0.3296910713760607 , -0.3889650716066626 , 0.0 , 0.0 , 0.4599999999999992 , 0.0 , 0.08000000000000002 , -0.08000000000000002 , 0.8200000000000001 , 0.0 , 6403.2068764810865 , 0.0 , 6.411095194140088 , 6.411095194140088 , 1.3398761268621917 , -1.0089850369007205 , -1.0089850369007203 , -0.8223812804161655
5.749999999999988 , 0.05 , 6410.445966137471 , 0.0 , 4.982651160176954 , -1.4647528049080019 , 3.973109624229956 , 0.1936127921238968 , 0.39719006954252356 , -0.31521478408791803 , 0.0 , 0.0 , 0.4599999999999992 , 0.0 , 0.08000000000000002 , -0.08000000000000002 , 1.82 , 0.0 , 6402.1472189269525 , 0.0 , 6.358290830412785 , 6.358290830412785 , 1.3115899698813722 , -1.102007717162547 , -1.1020077171625469 , -0.30913006204043336
5.799999999999987 , 0.05 , 6409.90358264001 , 0.0 , 4.992329457706401 , -1.4436832664715809 , 3.9592396826788083 , 0.19351912519182757 , 0.4422976498984649 , -0.23934000725693327 , 0.0 , 0.0 , 1.689999999999999 , 0.0 , -0.12 , 0.12 , 0.8200000000000001 , 0.0 , 6400.864745373998 , 0.0 , 6.300500561322679 , 6.300500561322679 , 1.3142507121982006 , -1.2094099057530692 , -1.209409905753069 , 0.42441559421277697
5.849999999999987 , 0.05 , 6408.751406458764 , 0.0 , 5.002003074183142 , -1.4198446418246398 , 3.9651633318739883 , 0.19342555000418013 , 0.5081745299033266 , 0.5030201044127982 , 0.0 , 0.0 , 1.7499999999999991 , 0.0 , -0.12 , 0.12 , -0.17999999999999997 , 0.0 , 6399.875507792008 , 0.0 , 6.2384393875135356 , 6.2384393875135356 , 1.3485846502641465 , -1.2587398292902765 , -1.2587398292902763 , 0.9412857394238987
5.899999999999987 , 0.05 , 6407.617741181139 , 0.0 , 5.0116720141325555 , -1.3932585447069799 , 4.008860149956948 , 0.19333206406561318 , 0.55203641686681 , 1.2443716603305848 , 0.0 , 0.0 , 1.7799999999999994 , 0.0 , -0.12 , 0.12 , -0.17999999999999997 , 0.0 , 6399.875507792008 , 0.0 , 6.175581853673377 , 6.175581853673377 , 1.3843549688983796 , -1.254788752011041 , -1.2547887520110408 , 0.4494338436219151
5.949999999999987 , 0.05 , 6406.49669254528 , 0.0 , 5.021336282022048 , -1.3648753692347597 , 4.089532193259084 , 0.19323866764221181 , 0.5811211072709763 , 1.9814776645000267 , 0.0 , -0.28 , 0.8099999999999993 , 0.0 , -0.12 , 0.12 , -0.17999999999999997 , 0.0 , 6399.875507792008 , 0.0 , 6.112940624857878 , 6.112940624857878 , 1.394558071952934 , -1.2508648253840924 , -1.2508648253840922 , -0.041218401943435484
5.999999999999987 , 0.05 , 6405.554632195163 , 0.0 , 5.030252718969271 , -1.3354013405004972 , 4.201264805986924 , 0.14539534350826447 , 0.5964654014857027 , 2.476679036227706 , 0.0 , -0.28 , -0.8900000000000007 , 0.0 , -0.12 , 0.12 , -0.17999999999999997 , 0.0 , 6399.875507792008 , 0.0 , 6.050494979716058 , 6.050494979716058 , 1.3802378513149487 , -1.2469653637457612 , -1.246965363745761 , -0.5314652591744059
6.0499999999999865 , 0.05 , 6405.554632195163 , 0.0 , 5.03742849086796 , -1.305587150354921 , 4.313486150589747 , 0.14534381759883427 , 0.5955765142315962 , 1.973510744973512 , 0.0 , -0.28 , -1.3900000000000006 , 0.0 , -0.12 , 0.12 , 0.8200000000000001 , 0.0 , 6399.875507792008 , 0.0 , 5.988243700713587 , 5.988243700713587 , 1.3414324219749953 , -1.2430901390048512 , -1.243090139004851 , -1.0204115785381203
6.099999999999986 , 0.05 , 6405.554632195163 , 0.0 , 5.044694361753279 , -1.2758304730006853 , 4.399692806682062 , 0.14529102471855473 , 0.5946910542276244 , 1.475529566427065 , 0.0 , -0.28 , -1.3900000000000006 , 0.0 , -0.12 , 0.12 , 0.8200000000000001 , 0.0 , 6398.813370078579 , 0.0 , 5.9284810789077795 , 5.9284810789077795 , 1.302264203542132 , -1.1421752253020003 , -1.142175225302 , -0.5069377651835383
6.149999999999986 , 0.05 , 6405.554632195163 , 0.0 , 5.051957593953215 , -1.2461180028697096 , 4.46109760858106 , 0.1452382701760079 , 0.5938082231904622 , 0.9812101522587375 , 0.0 , -0.28 , -0.8900000000000007 , 0.0 , -0.35 , 0.35 , 1.82 , 0.0 , 6397.739159819549 , 0.0 , 5.874044061423486 , 5.874044061423486 , 1.289687834470078 , -1.0343029395964174 , -1.0343029395964172 , 0.0035177085629112814
6.199999999999986 , 0.05 , 6405.554632195163 , 0.0 , 5.059218189383612 , -1.2164496088062389 , 4.497852466791965 , 0.1451855539294482 , 0.5929280094292017 , 0.48931084540859204 , 0.0 , -0.28 , -0.8900000000000007 , 0.0 , -0.35 , 0.35 , 0.8200000000000001 , 0.0 , 6396.348333141648 , 0.0 , 5.826423770179953 , 5.826423770179953 , 1.3076616025592946 , -0.8513291604573154 , -0.851329160457315 , 0.7184164195939486
6.249999999999986 , 0.05 , 6405.554632195163 , 0.0 , 5.066476149958225 , -1.1868251602373303 , 4.510047863944727 , 0.14513287593719057 , 0.5920504013221506 , -0.0013860333142525355 , 0.0 , -0.28 , -0.3900000000000007 , 0.0 , -0.2 , 0.2 , -0.17999999999999997 , 0.0 , 6395.115698787166 , 0.0 , 5.789017408191208 , 5.789017408191208 , 1.3557050912674886 , -0.6378523511180652 , -0.6378523511180647 , 1.1902749524740996
6.299999999999986 , 0.05 , 6405.554632195163 , 0.0 , 5.073731477588731 , -1.1572445271694065 , 4.497718374575412 , 0.1450802361576104 , 0.5911753873163216 , -0.4916859325516397 , 0.0 , -0.28 , -0.3900000000000007 , 0.0 , -0.2 , 0.2 , -0.17999999999999997 , 0.0 , 6395.115698787166 , 0.0 , 5.757384252828191 , 5.757384252828191 , 1.4038382439615245 , -0.6368514834227694 , -0.636851483422769 , 0.6973871144138728
6.349999999999985 , 0.05 , 6405.554632195163 , 0.0 , 5.080984174184722 , -1.1277075801848313 , 4.460898592621733 , 0.14502763454914352 , 0.5903029559269248 , -0.9807823875432203 , 0.0 , -0.28 , 0.6099999999999993 , 0.0 , -0.2 , 0.2 , -0.6799999999999999 , 0.0 , 6395.115698787166 , 0.0 , 5.725567001594129 , 5.725567001594129 , 1.4264261169953825 , -0.6358391457417126 , -0.6358391457417122 , 0.20632868042200356
6.399999999999985 , 0.05 , 6404.732112492571 , 0.0 , 5.083414872505074 , -1.0982018655389536 , 4.41706873612385 , -0.05627110302676796 , 0.5899144004402801 , -0.7437427262867407 , 0.0 , -0.28 , 0.6099999999999993 , 0.0 , -0.2 , 0.2 , -0.17999999999999997 , 0.0 , 6395.115698787166 , 0.0 , 5.693800286842377 , 5.693800286842377 , 1.4244795828485353 , -0.6348300213719272 , -0.6348300213719268 , -0.28414764946186605
6.449999999999985 , 0.05 , 6403.90829767483 , 0.0 , 5.075522597268585 , -1.0687192262701577 , 4.385772926273397 , -0.2597185172949177 , 0.5893681349065982 , -0.5083224973219133 , 0.0 , -0.08000000000000002 , 0.6099999999999993 , 0.0 , -0.2 , 0.2 , 0.8200000000000001 , 0.0 , 6395.115698787166 , 0.0 , 5.662083948289686 , 5.662083948289686 , 1.3980225982898131 , -0.6338240950383608 , -0.6338240950383603 , -0.7738997003862682
6.499999999999985 , 0.05 , 6403.100003873735 , 0.0 , 5.057810267502702 , -1.039266682515149 , 4.366321292881343 , -0.43951565868507975 , 0.5887189153010097 , -0.26754752535968074 , 0.0 , -0.08000000000000002 , 0.6099999999999993 , 0.0 , -0.2 , 0.2 , 0.8200000000000001 , 0.0 , 6393.894957834151 , 0.0 , 5.6353014169492 , 5.6353014169492 , 1.3703411672917318 , -0.42985468936746885 , -0.4298546893674684 , -0.29471947639768836
6.549999999999985 , 0.05 , 6402.319419688575 , 0.0 , 5.032203306161354 , -1.0098484166369135 , 4.359148326085871 , -0.578980995655722 , 0.5880016376039187 , -0.018322895590100412 , 0.0 , -0.08000000000000002 , 0.6099999999999993 , 0.0 , -0.2 , 0.2 , 0.8200000000000001 , 0.0 , 6392.6770897648275 , 0.0 , 5.6188536871902794 , 5.6188536871902794 , 1.3675833012420955 , -0.2284215090884682 , -0.22842150908846776 , 0.18447891919011997
6.5999999999999845 , 0.05 , 6401.55811388548 , 0.0 , 5.000333685990179 , -0.9804672487277037 , 4.364558036868971 , -0.6918811222343518 , 0.5872383551664059 , 0.23527245262186655 , 0.0 , -0.08000000000000002 , 0.6099999999999993 , 0.0 , -0.2 , 0.2 , 0.8200000000000001 , 0.0 , 6391.4611570251045 , 0.0 , 5.612433286707269 , 5.612433286707269 , 1.3887896625869016 , -0.028625026135671083 , -0.02862502613567064 , 0.6636668026034629
6.649999999999984 , 0.05 , 6400.810277870287 , 0.0 , 4.963300980292477 , -0.9511250633456582 , 4.382709487611899 , -0.7867678129715223 , 0.5864446600059479 , 0.49103094000599445 , 0.28 , -0.08000000000000002 , -0.3900000000000007 , 0.0 , -0.2 , 0.2 , -0.17999999999999997 , 0.0 , 6390.246526068003 , 0.0 , 5.615975272787144 , 5.615975272787144 , 1.4339295483354262 , 0.17015173226005534 , 0.17015173226005578 , 1.1415852848237575
6.699999999999984 , 0.05 , 6400.810277870287 , 0.0 , 4.923911938308838 , -0.9218242503094921 , 4.395736810054329 , -0.7852162781814679 , 0.585586122212054 , 2.961622187257623E-4 , 0.28 , -0.08000000000000002 , -0.3900000000000007 , 0.0 , -0.2 , 0.2 , -0.17999999999999997 , 0.0 , 6390.246526068003 , 0.0 , 5.624679343446851 , 5.624679343446851 , 1.4796512629431282 , 0.17007581327460014 , 0.17007581327460058 , 0.6489233646705275
6.749999999999984 , 0.05 , 6400.810277870287 , 0.0 , 4.884689611339077 , -0.8925663560828382 , 4.383491397355944 , -0.7836778867752157 , 0.5847300976909203 , -0.4900058027893852 , 0.28 , 0.2 , -0.3900000000000007 , 0.0 , 0.0 , 0.0 , -0.6799999999999999 , 0.0 , 6390.246526068003 , 0.0 , 5.6331813267410045 , 5.6331813267410045 , 1.4998190715581212 , 0.1700035295536211 , 0.17000352955362155 , 0.15796842250312682
6.799999999999984 , 0.05 , 6400.810277870287 , 0.0 , 4.845544053374785 , -0.8633512005563452 , 4.346755486050485 , -0.7821455115972454 , 0.5838765722327821 , -0.9791084257376355 , 0.28 , 0.2 , -0.3900000000000007 , 0.0 , 0.0 , 0.0 , -0.17999999999999997 , 0.0 , 6390.246526068003 , 0.0 , 5.641679697384868 , 5.641679697384868 , 1.4954551178667579 , 0.16993130724897737 , 0.16993130724897781 , -0.33247640188363736
6.849999999999984 , 0.05 , 6400.810277870287 , 0.0 , 4.80647496448636 , -0.8341786590503416 , 4.285618830528228 , -0.7806191174246985 , 0.5830255349100097 , -1.465823351326758 , 0.28 , 0.2 , 0.6099999999999993 , 0.0 , 0.0 , 0.0 , 0.8200000000000001 , 0.0 , 6390.246526068003 , 0.0 , 5.650174458447304 , 5.650174458447304 , 1.4665845033098144 , 0.16985914628242807 , 0.1698591462824285 , -0.8220949386136729
6.8999999999999835 , 0.05 , 6399.95086820754 , 0.0 , 4.768935870181541 , -0.8091572812559554 , 4.217717265100711 , -0.7133147323250569 , 0.40893356069248255 , -1.2224080793406475 , 0.28 , 0.2 , 0.6099999999999993 , 0.0 , 0.0 , 0.0 , 0.8200000000000001 , 0.0 , 6389.22119276732 , 0.0 , 5.660573786256877 , 5.660573786256877 , 1.4373640132097854 , 0.24437804352949535 , 0.2443780435294958 , -0.3061271670064263
6.949999999999983 , 0.05 , 6399.064058760626 , 0.0 , 4.735502141962275 , -0.793277838612964 , 4.162531367326775 , -0.6202991329699733 , 0.22479587990190547 , -0.9861696715387104 , 0.28 , 0.2 , 1.6099999999999994 , 0.0 , 0.0 , 0.0 , 0.8200000000000001 , 0.0 , 6388.2365851223985 , 0.0 , 5.674132193507495 , 5.674132193507495 , 1.435002095046453 , 0.29434260423057024 , 0.2943426042305707 , 0.21195151544115348
6.999999999999983 , 0.05 , 6397.581643520023 , 0.0 , 4.708812036860625 , -0.7896926011680451 , 4.130045729319775 , -0.4406683144475382 , -0.08776559580505883 , -0.2963648145148803 , 0.28 , 0.2 , 1.6099999999999994 , 0.0 , 0.0 , 0.0 , 0.8200000000000001 , 0.0 , 6387.280022021066 , 0.0 , 5.689745547501919 , 5.689745547501919 , 1.4585703652906539 , 0.32775902402568563 , 0.3277590240256861 , 0.7307114154957551
7.049999999999983 , 0.05 , 6396.080721157474 , 0.0 , 4.691661448636851 , -0.802046505423306 , 4.132331152609042 , -0.24267033193357604 , -0.40737188982288786 , 0.3868838987345964 , 0.08000000000000002 , 0.2 , 0.6099999999999993 , 0.0 , 0.0 , 0.0 , -0.17999999999999997 , 0.0 , 6386.3425775799105 , 0.0 , 5.706731665548593 , 5.706731665548593 , 1.5080515342101124 , 0.3500519378771737 , 0.35005193787717415 , 1.2481372634620682
7.099999999999983 , 0.05 , 6395.173039939275 , 0.0 , 4.6828057678207005 , -0.8270847221548755 , 4.157804680800367 , -0.11323604596201936 , -0.5802063450568531 , 0.6156111610438578 , 0.08000000000000002 , 0.2 , 0.6099999999999993 , 0.0 , 0.0 , 0.0 , -0.17999999999999997 , 0.0 , 6386.3425775799105 , 0.0 , 5.724244974855481 , 5.724244974855481 , 1.5591263999041787 , 0.34974522027618526 , 0.3497452202761857 , 0.7549559468956925
7.149999999999983 , 0.05 , 6394.286892906177 , 0.0 , 4.680523702409406 , -0.8595855492518885 , 4.194448697595297 , 0.022917120882064084 , -0.7142821451082352 , 0.850855531880749 , 0.08000000000000002 , 0.2 , -0.3900000000000007 , 0.0 , 0.0 , 0.0 , -0.6799999999999999 , 0.0 , 6386.3425775799105 , 0.0 , 5.74172459503742 , 5.74172459503742 , 1.5845886242432372 , 0.3494396831358098 , 0.34943968313581025 , 0.2637593729132594
7.199999999999982 , 0.05 , 6394.286892906177 , 0.0 , 4.681808135487704 , -0.895388507011073 , 4.225424942612375 , 0.02291539423273805 , -0.7130002281316259 , 0.35933122113764876 , 0.08000000000000002 , 0.2 , -0.3900000000000007 , 0.0 , 0.0 , 0.0 , -0.17999999999999997 , 0.0 , 6386.3425775799105 , 0.0 , 5.759188951702831 , 5.759188951702831 , 1.5855127852700321 , 0.34913467936346765 , 0.3491346793634681 , -0.22675167880311825
7.249999999999982 , 0.05 , 6394.286892906177 , 0.0 , 4.682953872380837 , -0.9310067815372037 , 4.231125704837716 , 0.022914081519709417 , -0.7117315663295067 , -0.13124264950517092 , 0.08000000000000002 , 0.0 , -0.3900000000000007 , 0.0 , 0.0 , 0.0 , 0.8200000000000001 , 0.0 , 6386.3425775799105 , 0.0 , 5.77663807148521 , 5.77663807148521 , 1.5619226433429894 , 0.3488302075637473 , 0.3488302075637477 , -0.7166471788503151
7.299999999999982 , 0.05 , 6394.286892906177 , 0.0 , 4.68409954364208 , -0.9665617357493281 , 4.2123070067856485 , 0.022912768957070236 , -0.710467411240863 , -0.6213404612893426 , 0.08000000000000002 , 0.0 , -0.3900000000000007 , 0.0 , 0.0 , 0.0 , 0.8200000000000001 , 0.0 , 6385.439353549148 , 0.0 , 5.794150336371915 , 5.794150336371915 , 1.5381114404009553 , 0.3515873842687709 , 0.35158738426877134 , -0.1956346671516483
7.349999999999982 , 0.05 , 6394.286892906177 , 0.0 , 4.685245149278949 , -1.0020535943830662 , 4.16901604183604 , 0.02291145654479466 , -0.7092077388942309 , -1.1099186063512256 , 0.08000000000000002 , 0.0 , 0.6099999999999993 , 0.0 , 0.0 , 0.0 , 0.8200000000000001 , 0.0 , 6384.537917442122 , 0.0 , 5.8117770193395115 , 5.8117770193395115 , 1.5413378529947492 , 0.3533312551247695 , 0.3533312551247699 , 0.32462949131300267
7.399999999999982 , 0.05 , 6393.51345150913 , 0.0 , 4.687765100364647 , -1.039188667806468 , 4.119250694614006 , 0.07663079022058145 , -0.7783201783066399 , -0.85078864737822 , 0.08000000000000002 , 0.0 , 0.6099999999999993 , 0.0 , 0.0 , 0.0 , 0.8200000000000001 , 0.0 , 6383.6376813834695 , 0.0 , 5.829472689434231 , 5.829472689434231 , 1.5705598415093267 , 0.3543958784906666 , 0.35439587849066706 , 0.8439671036149414
7.4499999999999815 , 0.05 , 6392.757439182392 , 0.0 , 4.692562563904632 , -1.0797552187605235 , 4.0831937977563975 , 0.11266908520851981 , -0.8437955464471996 , -0.5914911113853506 , -0.2 , 0.0 , 0.6099999999999993 , 0.0 , 0.0 , 0.0 , -0.17999999999999997 , 0.0 , 6382.738250565113 , 0.0 , 5.8472093862458525 , 5.8472093862458525 , 1.6256985124594587 , 0.35500518969832284 , 0.35500518969832323 , 1.3610565833418198
7.499999999999981 , 0.05 , 6392.043490519401 , 0.0 , 4.698844620238665 , -1.1229699036523533 , 4.060133189401653 , 0.13688193046258015 , -0.8708681340486695 , -0.330414985064571 , -0.2 , 0.0 , 0.6099999999999993 , 0.0 , 0.0 , 0.0 , -0.17999999999999997 , 0.0 , 6382.738250565113 , 0.0 , 5.864952524757905 , 5.864952524757905 , 1.6824028166855773 , 0.3546903707025007 , 0.3546903707025011 , 0.8672683824295003
7.549999999999981 , 0.05 , 6391.334209607988 , 0.0 , 4.706123741374435 , -1.1658978369824138 , 4.050145756007884 , 0.15310053148971473 , -0.8376978221883788 , -0.06945760774744078 , -0.2 , 0.0 , 0.6099999999999993 , 0.0 , 0.0 , 0.0 , -0.6799999999999999 , 0.0 , 6382.738250565113 , 0.0 , 5.882679184923812 , 5.882679184923812 , 1.7134714939648947 , 0.3543761362021145 , 0.3543761362021149 , 0.37575480832026953
7.599999999999981 , 0.05 , 6390.597185568484 , 0.0 , 4.714068894625975 , -1.206122734943045 , 4.053143893467642 , 0.16391235520963318 , -0.765617784207949 , 0.18883738524419114 , -0.2 , 0.0 , 0.6099999999999993 , 0.0 , 0.0 , 0.0 , -0.17999999999999997 , 0.0 , 6382.738250565113 , 0.0 , 5.9003901472786815 , 5.9003901472786815 , 1.7199929993936272 , 0.35406245799490005 , 0.35406245799490044 , -0.11483152437167346
7.649999999999981 , 0.05 , 6389.842679559739 , 0.0 , 4.722457606786161 , -1.2420503143517527 , 4.068979077968286 , 0.17110652357830203 , -0.6677197935872098 , 0.4440019662691444 , -0.2 , 0.0 , -0.3900000000000007 , 0.0 , 0.0 , 0.0 , 0.8200000000000001 , 0.0 , 6382.738250565113 , 0.0 , 5.918085439600253 , 5.918085439600253 , 1.7019942836080706 , 0.35374933460494495 , 0.35374933460494534 , -0.6049595198634419
7.699999999999981 , 0.05 , 6389.842679559739 , 0.0 , 4.731017004678143 , -1.275302293568597 , 4.079654100653563 , 0.17103326012814396 , -0.6666140585691667 , -0.04667697120874535 , -0.2 , 0.0 , -0.3900000000000007 , 0.0 , 0.0 , 0.0 , 0.8200000000000001 , 0.0 , 6381.840237757311 , 0.0 , 5.935768294329104 , 5.935768294329104 , 1.6837542965068408 , 0.35356196374112225 , 0.35356196374112264 , -0.08442538265147
7.7499999999999805 , 0.05 , 6389.842679559739 , 0.0 , 4.739566839911211 , -1.3086052526918288 , 4.065061088565864 , 0.1709601604445626 , -0.6655049712367883 , -0.5369159427037976 , -0.2 , 0.0 , -0.3900000000000007 , 0.0 , 0.0 , 0.0 , 0.8200000000000001 , 0.0 , 6380.942298275184 , 0.0 , 5.95344083499729 , 5.95344083499729 , 1.6925335732623608 , 0.35333367720619957 , 0.35333367720619996 , 0.4355022200357281
7.79999999999998 , 0.05 , 6389.842679559739 , 0.0 , 4.748113021721935 , -1.341852849640829 , 4.025983595180167 , 0.17088712321995375 , -0.6643995682895222 , -1.0258410770687552 , -0.2 , 0.0 , 0.6099999999999993 , 0.0 , 0.0 , 0.0 , 0.8200000000000001 , 0.0 , 6380.0444079687 , 0.0 , 5.971101229915364 , 5.971101229915364 , 1.727285372659963 , 0.35307813809707644 , 0.35307813809707683 , 0.9542352476530243
7.84999999999998 , 0.05 , 6389.061746543092 , 0.0 , 4.756692806696674 , -1.3717340057500305 , 3.9802337176253335 , 0.172269555831219 , -0.524699945250172 , -0.7749670460192073 , -0.2 , 0.0 , 1.6099999999999994 , 0.0 , 0.0 , 0.0 , -0.17999999999999997 , 0.0 , 6379.146550641342 , 0.0 , 5.988748361913529 , 5.988748361913529 , 1.787916519045512 , 0.35280450440844463 , 0.352804504408445 , 1.4704371916935652
7.89999999999998 , 0.05 , 6387.778093735479 , 0.0 , 4.765346528145438 , -1.3922351039135292 , 3.959044548180278 , 0.1737938479280691 , -0.2909935507516042 , -0.054178333240181176 , -0.2 , 0.0 , 1.6099999999999994 , 0.0 , 0.0 , 0.0 , -0.17999999999999997 , 0.0 , 6379.146550641342 , 0.0 , 6.006380842814475 , 6.006380842814475 , 1.8500720051915336 , 0.35249360000600355 , 0.35249360000600394 , 0.9760009156712883
7.94999999999998 , 0.05 , 6386.492153466821 , 0.0 , 4.774063051204558 , -1.4008681452765377 , 3.974319483664567 , 0.17478955082534686 , -0.05380411390626646 , 0.664849979394255 , -0.2 , 0.0 , 1.8399999999999994 , 0.0 , 0.0 , 0.0 , -0.6799999999999999 , 0.0 , 6379.146550641342 , 0.0 , 6.02399776145829 , 6.02399776145829 , 1.8865669355162928 , 0.3521832441642366 , 0.35218324416423696 , 0.4841206522297435
7.99999999999998 , 0.05 , 6385.204686360521 , 0.0 , 4.782819868256943 , -1.3975763060751472 , 4.025481478521186 , 0.1754311936011684 , 0.18583741949654406 , 1.3808784788089903 , -0.2 , 0.0 , 1.8699999999999992 , 0.0 , 0.28 , -0.28 , -0.17999999999999997 , 0.0 , 6379.146550641342 , 0.0 , 6.041599175967253 , 6.041599175967253 , 1.8985030367647402 , 0.35187343435232377 , 0.35187343435232415 , -0.006569968066350199
8.04999999999998 , 0.05 , 6383.916198556119 , 0.0 , 4.791602408302228 , -1.3822609020285972 , 4.112321219431347 , 0.17583560429851866 , 0.42696249269588904 , 2.0915326259493088 , 0.0 , 0.0 , -0.8000000000000006 , 0.0 , 0.28 , -0.28 , 0.8200000000000001 , 0.0 , 6379.146550641342 , 0.0 , 6.059185113606841 , 6.059185113606841 , 1.8859144548996098 , 0.35156416913053135 , 0.35156416913053173 , -0.49686341248469146
8.09999999999998 , 0.05 , 6383.916198556119 , 0.0 , 4.800392648513341 , -1.3606825739025454 , 4.205599913133484 , 0.17575833597252835 , 0.4264966295112154 , 1.5922518474325573 , 0.0 , 0.0 , -0.8000000000000006 , 0.0 , 0.28 , -0.28 , 0.20500000000000007 , 0.0 , 6378.039616599697 , 0.0 , 6.0739769638013295 , 6.0739769638013295 , 1.8727397793747862 , 0.22554357953132784 , 0.22554357953132817 , 0.007019415846051105
8.14999999999998 , 0.05 , 6383.916198556119 , 0.0 , 4.809178635167697 , -1.3393691033856567 , 4.272820806203318 , 0.17568114240984606 , 0.42604236544447 , 1.097184186473713 , 0.0 , 0.0 , -1.3000000000000007 , 0.0 , 0.28 , -0.28 , 0.19000000000000006 , 0.0 , 6377.744487632472 , 0.0 , 6.084088174091346 , 6.084088174091346 , 1.8677033026896606 , 0.1817544020046993 , 0.18175440200469964 , -0.23869276383357382
8.199999999999982 , 0.05 , 6383.916198556119 , 0.0 , 4.817960763838758 , -1.3180783218919796 , 4.315361604126943 , 0.17560401662466132 , 0.4255890680267628 , 0.6048259894285004 , 0.0 , 0.0 , -0.8000000000000006 , 0.0 , 0.28 , -0.28 , -0.825 , 0.0 , 6377.460494347742 , 0.0 , 6.092000544088035 , 6.092000544088035 , 1.8491386265891439 , 0.13382092707489543 , 0.13382092707489576 , -0.5049944371618145
8.249999999999982 , 0.05 , 6383.916198556119 , 0.0 , 4.826739037913168 , -1.2968101811661756 , 4.333327131176893 , 0.17552695852774827 , 0.42513673417590897 , 0.11395504409285077 , 0.0 , 0.0 , -0.3000000000000006 , 0.0 , 0.28 , -0.28 , 0.14500000000000002 , 0.0 , 6377.460494347742 , 0.0 , 6.098639891112527 , 6.098639891112527 , 1.8118766087137792 , 0.13377683598928125 , 0.13377683598928158 , -0.9940535834359617
8.299999999999983 , 0.05 , 6383.916198556119 , 0.0 , 4.835513460773113 , -1.2755646331066879 , 4.326763010031543 , 0.17544996803003765 , 0.4246853608228134 , -0.376457975102784 , 0.0 , 0.0 , -0.3000000000000006 , 0.0 , 0.28 , -0.28 , 0.13 , 0.0 , 6377.235584810109 , 0.0 , 6.1043122143463915 , 6.1043122143463915 , 1.7540192079869454 , 0.09110459588958714 , 0.09110459588958747 , -1.313378715842461
8.349999999999984 , 0.05 , 6383.916198556119 , 0.0 , 4.844284035796329 , -1.2543416297650893 , 4.295696125051039 , 0.17537304504261636 , 0.424234944911401 , -0.8659448986544872 , 0.0 , 0.0 , -0.3000000000000006 , 0.0 , 0.28 , -0.28 , 0.11499999999999999 , 0.0 , 6377.032097378893 , 0.0 , 6.107876162165944 , 6.107876162165944 , 1.6799757194760425 , 0.0514264696483128 , 0.051426469648313135 , -1.6487250665171782
8.399999999999984 , 0.05 , 6383.916198556119 , 0.0 , 4.853050766356112 , -1.233141123345432 , 4.240202415308948 , 0.17529618947672718 , 0.42378548339854794 , -1.3533178348465125 , 0.0 , 0.0 , 0.6999999999999994 , 0.0 , 0.28 , -0.28 , 1.1 , 0.0 , 6376.851023016586 , 0.0 , 6.1095475242455795 , 6.1095475242455795 , 1.5887873921571605 , 0.015491339587959951 , 0.015491339587960284 , -1.9989939534235115
8.449999999999985 , 0.05 , 6383.1422362433195 , 0.0 , 4.861814015499244 , -1.2117448142639382 , 4.1810803960220255 , 0.17523345538720447 , 0.4318627967730872 , -0.9775204635260126 , 0.0 , 0.0 , 1.6999999999999993 , 0.0 , 0.28 , -0.28 , 1.0699999999999998 , 0.0 , 6375.270355797663 , 0.0 , 6.102686449157808 , 6.102686449157808 , 1.5043795523100534 , -0.301761175632333 , -0.3017611756323327 , -1.338346703441662
8.499999999999986 , 0.05 , 6382.040119154529 , 0.0 , 4.870574125649761 , -1.1899473046007585 , 4.150421302197249 , 0.17517018574039517 , 0.4395641422270496 , -0.23449508535270325 , 0.0 , 0.0 , 1.6999999999999993 , 0.0 , 0.28 , -0.28 , 1.055 , 0.0 , 6373.6856426401255 , 0.0 , 6.079606925302269 , 6.079606925302269 , 1.4538335531605688 , -0.6217589467413402 , -0.6217589467413399 , -0.6844044398765395
8.549999999999986 , 0.05 , 6380.940384967888 , 0.0 , 4.879330959713326 , -1.1678343160332831 , 4.157243654745066 , 0.17510253623821004 , 0.4445581016407037 , 0.5072577247429588 , 0.0 , 0.0 , 0.6999999999999994 , 0.0 , 0.08000000000000002 , -0.08000000000000002 , 1.04 , 0.0 , 6372.0982387294225 , 0.0 , 6.040492518549571 , 6.040492518549571 , 1.43588030584331 , -0.9429049845762527 , -0.9429049845762524 , -0.034157092230373914
8.599999999999987 , 0.05 , 6380.171691744958 , 0.0 , 4.8880842865698675 , -1.145548485860922 , 4.192253595439029 , 0.17503015550221768 , 0.44663517407944325 , 0.8781262242851431 , 0.0 , 0.0 , 0.6999999999999994 , 0.0 , 0.08000000000000002 , -0.08000000000000002 , 0.02499999999999991 , 0.0 , 6370.55620584252 , 0.0 , 5.985885947232037 , 5.985885947232037 , 1.4507168562998058 , -1.2272889382489747 , -1.2272889382489742 , 0.6347740733848186
8.649999999999988 , 0.05 , 6379.403751032015 , 0.0 , 4.896833956343788 , -1.123182961624487 , 4.2453994567279185 , 0.1749564420790675 , 0.4478608727845621 , 1.2473476407376578 , 0.0 , 0.0 , -0.3000000000000006 , 0.0 , -0.35 , 0.35 , -1.0050000000000001 , 0.0 , 6370.519739589686 , 0.0 , 5.924223736478593 , 5.924223736478593 , 1.4720628515403498 , -1.2291417851722137 , -1.2291417851722133 , 0.17345433139802155
8.699999999999989 , 0.05 , 6379.403751032015 , 0.0 , 4.905579868187275 , -1.1008010421596328 , 4.296287694437996 , 0.17487995110391621 , 0.44735992237936323 , 0.7541893904988484 , 0.0 , 0.0 , -0.3000000000000006 , 0.0 , -0.35 , 0.35 , -1.02 , 0.0 , 6370.519739589686 , 0.0 , 5.8628558332915155 , 5.8628558332915155 , 1.4685029220110914 , -1.2253757619253858 , -1.2253757619253853 , -0.3170012124331647
8.74999999999999 , 0.05 , 6379.403751032015 , 0.0 , 4.9143219548398145 , -1.078445545275748 , 4.321711648135523 , 0.17480352702370755 , 0.4468601540884842 , 0.2629947643456974 , 0.0 , 0.0 , -0.8000000000000006 , 0.0 , -0.35 , 0.35 , -1.0350000000000001 , 0.0 , 6370.519739589686 , 0.0 , 5.801680708196007 , 5.801680708196007 , 1.440405136201547 , -1.2216333631938312 , -1.2216333631938308 , -0.8066637673572781
8.79999999999999 , 0.05 , 6379.403751032015 , 0.0 , 4.9230602219579085 , -1.0561150089049216 , 4.322597591346889 , 0.17472716971031432 , 0.4463615011841444 , -0.22751582362410183 , 0.0 , 0.0 , -0.3000000000000006 , 0.0 , -0.35 , 0.35 , -0.050000000000000266 , 0.0 , 6370.519739589686 , 0.0 , 5.7406921323578075 , 5.7406921323578075 , 1.3878681401882336 , -1.2179137540439673 , -1.2179137540439668 , -1.2943560571261894
8.84999999999999 , 0.05 , 6379.403751032015 , 0.0 , 4.931794672877709 , -1.033809377371147 , 4.298969278832843 , 0.17465087907627985 , 0.44586395993651445 , -0.7174095216683808 , 0.0 , 0.0 , 0.6999999999999994 , 0.0 , -0.35 , 0.35 , 0.9199999999999999 , 0.0 , 6370.519739589686 , 0.0 , 5.679888971497626 , 5.679888971497626 , 1.3110199246302925 , -1.2142167269397823 , -1.2142167269397819 , -1.7789034462853088
8.899999999999991 , 0.05 , 6378.637136461749 , 0.0 , 4.940525320796371 , -1.0115226093112926 , 4.271562491110224 , 0.17457504051412326 , 0.44560135487757746 , -0.34458501722241985 , 0.0 , 0.0 , 0.6999999999999994 , 0.0 , -0.35 , 0.35 , 0.9049999999999998 , 0.0 , 6369.073803926502 , 0.0 , 5.625972044363232 , 5.625972044363232 , 1.2353942682746009 , -0.9260054354740384 , -0.9260054354740379 , -1.2079155652183624
8.949999999999992 , 0.05 , 6377.8705905009 , 0.0 , 4.949252175505602 , -0.9892507384070425 , 4.263636624232809 , 0.17449914113320358 , 0.4452622997211516 , 0.02748828155434309 , 0.0 , 0.0 , 0.6999999999999994 , 0.0 , -0.35 , 0.35 , 0.8899999999999997 , 0.0 , 6367.618487617635 , 0.0 , 5.587309483747119 , 5.587309483747119 , 1.1884285903334726 , -0.6170466356645058 , -0.6170466356645053 , -0.6744184343118174
8.999999999999993 , 0.05 , 6377.104090554636 , 0.0 , 4.9579752346183605 , -0.9669971863656242 , 4.274307894672641 , 0.17442322279478506 , 0.44487234876011905 , 0.3992835286776056 , 0.0 , 0.0 , 0.6999999999999994 , 0.0 , -0.2 , 0.2 , 0.8749999999999998 , 0.0 , 6366.167268763373 , 0.0 , 5.564404279041229 , 5.564404279041229 , 1.167346637410786 , -0.2970260416475502 , -0.29702604164754987 , -0.171523260722329
9.049999999999994 , 0.05 , 6376.337621468411 , 0.0 , 4.966694497938395 , -0.9447640389411867 , 4.303552342956812 , 0.1743473135361905 , 0.44444862844621486 , 0.7702915066989917 , 0.28 , 0.0 , -0.3000000000000006 , 0.0 , -0.2 , 0.2 , -0.15500000000000025 , 0.0 , 6364.753939958094 , 0.0 , 5.5572999264476275 , 5.5572999264476275 , 1.1710033334922316 , 0.005650264005443044 , 0.005650264005443377 , 0.3218019144104108
9.099999999999994 , 0.05 , 6376.337621468411 , 0.0 , 4.975409964428044 , -0.9225538872695932 , 4.330639920503305 , 0.17427135417890408 , 0.44395533755912464 , 0.27898957211641995 , 0.28 , 0.0 , -0.3000000000000006 , 0.0 , -0.2 , 0.2 , -0.17000000000000037 , 0.0 , 6364.753939958094 , 0.0 , 5.557867670749423 , 5.557867670749423 , 1.1758225698876992 , 0.005649616174450954 , 0.005649616174451287 , -0.1687781328040912
9.149999999999995 , 0.05 , 6376.337621468411 , 0.0 , 4.984121634509546 , -0.9003684301694704 , 4.332325329906487 , 0.17419546098214314 , 0.44346314300393214 , -0.2115308386646289 , 0.28 , 0.0 , -0.3000000000000006 , 0.0 , 0.0 , 0.0 , -1.1850000000000003 , 0.0 , 6364.753939958094 , 0.0 , 5.558150149563278 , 5.558150149563278 , 1.1551285368808195 , 0.0056495363801706755 , 0.0056495363801710085 , -0.6588018595086633
9.199999999999996 , 0.05 , 6376.337621468411 , 0.0 , 4.99282951158341 , -0.8782075555272395 , 4.309495515061509 , 0.17411963385785967 , 0.44297203859078677 , -0.7014616261452556 , 0.28 , 0.0 , -0.3000000000000006 , 0.0 , 0.0 , 0.0 , -0.20000000000000018 , 0.0 , 6364.753939958094 , 0.0 , 5.558432624387476 , 5.558432624387476 , 1.1099682271797446 , 0.005649456588144368 , 0.005649456588144701 , -1.1472146909547156
9.249999999999996 , 0.05 , 6376.337621468411 , 0.0 , 5.001533598951103 , -0.8560712089263139 , 4.262206671905413 , 0.17404387271980729 , 0.44248202070192694 , -1.1896777149152562 , 0.28 , 0.0 , 0.6999999999999994 , 0.0 , 0.0 , 0.0 , 0.7699999999999996 , 0.0 , 6364.753939958094 , 0.0 , 5.558715095222127 , 5.558715095222127 , 1.0404518226340522 , 0.0056493767983719365 , 0.0056493767983722696 , -1.632834989614198
9.299999999999997 , 0.05 , 6375.414682940849 , 0.0 , 5.010233900302654 , -0.838683745569292 , 4.210686317648925 , 0.1739681928225524 , 0.24262738565294006 , -0.8385593902232683 , 0.28 , 0.0 , 0.6999999999999994 , 0.0 , 0.0 , 0.0 , 0.7549999999999997 , 0.0 , 6363.771437101302 , 0.0 , 5.5610947598288 , 5.5610947598288 , 0.9692438125314358 , 0.087656613773775 , 0.08765661377377533 , -1.1776378832574643
9.349999999999998 , 0.05 , 6374.483145580998 , 0.0 , 5.018930419186746 , -0.8318163238984863 , 4.177434515369731 , 0.1738925736334105 , 0.03022028886155223 , -0.49220712867677346 , 0.28 , -0.28 , 1.6999999999999993 , 0.0 , 0.0 , 0.0 , 0.7399999999999998 , 0.0 , 6362.8514440755625 , 0.0 , 5.5669272395857465 , 5.5669272395857465 , 0.921326453089436 , 0.14170372692275474 , 0.14170372692275507 , -0.7397211694940042
9.399999999999999 , 0.05 , 6373.0958991107145 , 0.0 , 5.026738184635842 , -0.8380502249621985 , 4.169965610475966 , 0.11697553291644563 , -0.28479357603495337 , 0.20617607486267517 , 0.28 , -0.28 , 0.6999999999999994 , 0.0 , 0.0 , 0.0 , 1.9549999999999996 , 0.0 , 6361.979174376776 , 0.0 , 5.574965620916594 , 5.574965620916594 , 0.8948486877276943 , 0.1772306913060434 , 0.17723069130604374 , -0.32013410899490446
9.45 , 0.05 , 6372.0697395413135 , 0.0 , 5.030170793327787 , -0.8579840591032208 , 4.189022834956027 , 0.01252151577265977 , -0.509174268212037 , 0.5404094976273428 , 0.08000000000000002 , -0.28 , -0.3000000000000006 , 0.0 , 0.0 , 0.0 , 0.9849999999999997 , 0.0 , 6360.827650675554 , 0.0 , 5.5846796512565655 , 5.5846796512565655 , 0.89700416581959 , 0.209407723275849 , 0.20940772327584933 , 0.41914459559872885
9.5 , 0.05 , 6372.0697395413135 , 0.0 , 5.030668943397471 , -0.8836521605002423 , 4.204590434044832 , 0.01252120224036213 , -0.5085152062370127 , 0.04960014915023231 , 0.08000000000000002 , -0.28 , -0.3000000000000006 , 0.0 , 0.0 , 0.0 , 0.9999999999999997 , 0.0 , 6359.711605670747 , 0.0 , 5.5957189372231015 , 5.5957189372231015 , 0.9359818068733731 , 0.23060714359277018 , 0.2306071435927705 , 1.1387590517287753
9.55 , 0.05 , 6372.0697395413135 , 0.0 , 5.031294993710904 , -0.9090617722180031 , 4.194809395099646 , 0.01252081030136715 , -0.507869557785993 , -0.44075608716355924 , 0.08000000000000002 , -0.28 , -0.3000000000000006 , 0.0 , 0.0 , 0.0 , 0.01499999999999968 , 0.0 , 6358.591059998801 , 0.0 , 5.607634641606759 , 5.607634641606759 , 1.0112766698952105 , 0.24498206744316403 , 0.24498206744316436 , 1.8727874428892064
9.600000000000001 , 0.05 , 6372.0697395413135 , 0.0 , 5.031921024428 , -0.9344391424774507 , 4.160532143992892 , 0.012520418386908372 , -0.5072255467817578 , -0.9300332731813465 , 0.08000000000000002 , -0.28 , -0.3000000000000006 , 0.0 , 0.0 , 0.0 , -0.4700000000000003 , 0.0 , 6358.574378162276 , 0.0 , 5.619895541795068 , 5.619895541795068 , 1.0941322259232495 , 0.24497776974802546 , 0.2449777697480258 , 1.3938026610017236
9.650000000000002 , 0.05 , 6372.0697395413135 , 0.0 , 5.032547035549986 , -0.9597843529952506 , 4.101842445559347 , 0.01252002649698349 , -0.5065831670030359 , -1.4170413516122586 , 0.08000000000000002 , -0.28 , 0.6999999999999994 , 0.0 , 0.0 , 0.0 , -1.7000000000000002 , 0.0 , 6358.574378162276 , 0.0 , 5.632140799687208 , 5.632140799687208 , 1.1514820516385258 , 0.24482782340191364 , 0.24482782340191397 , 0.8999645229902005
9.700000000000003 , 0.05 , 6371.056080481169 , 0.0 , 5.0279338579260395 , -0.9873588802182165 , 4.038718185628659 , -0.2069536916411781 , -0.5983717884509943 , -1.075375489837861 , 0.08000000000000002 , -0.28 , 0.6999999999999994 , 0.0 , 0.0 , 0.0 , -1.7150000000000003 , 0.0 , 6358.574378162276 , 0.0 , 5.644378446032755 , 5.644378446032755 , 1.1841825713871474 , 0.24467806340934936 , 0.24467806340934967 , 0.4083468671372799
9.750000000000004 , 0.05 , 6370.045418149641 , 0.0 , 5.011977019687802 , -1.0193811044316798 , 3.993435101231018 , -0.432123181442605 , -0.68119353214402 , -0.7363359499565942 , 0.08000000000000002 , -0.28 , 1.6999999999999993 , 0.0 , 0.0 , 0.0 , -1.2300000000000004 , 0.0 , 6358.574378162276 , 0.0 , 5.656608608957759 , 5.656608608957759 , 1.1923327212080748 , 0.24452848651970255 , 0.24452848651970285 , -0.08226658928172557
9.800000000000004 , 0.05 , 6368.60458237609 , 0.0 , 4.982314781980476 , -1.0561911717684367 , 3.9735559937941867 , -0.7589177085523904 , -0.7912944276902227 , -0.045038755647931195 , 0.08000000000000002 , -0.08000000000000002 , 1.6999999999999993 , 0.0 , 0.0 , 0.0 , -1.2450000000000003 , 0.0 , 6358.574378162276 , 0.0 , 5.668831297608973 , 5.668831297608973 , 1.1759612127532313 , 0.24437909239737432 , 0.24437909239737463 , -0.5724505012884782
9.850000000000005 , 0.05 , 6367.191803649952 , 0.0 , 4.936772899986339 , -1.0983954817427635 , 3.988721595059335 , -1.0477202057714168 , -0.8963141209619153 , 0.6551748514575323 , -0.2 , 0.2 , 1.9599999999999995 , 0.0 , 0.0 , 0.0 , -0.27500000000000036 , 0.0 , 6358.574378162276 , 0.0 , 5.681046521116389 , 5.681046521116389 , 1.1351101470746339 , 0.24422988070758536 , 0.24422988070758567 , -1.0612339042971044
9.900000000000006 , 0.05 , 6365.917784967542 , 0.0 , 4.879463131706331 , -1.1448828561156226 , 4.039455536236731 , -1.2133942536594908 , -0.9408252115896688 , 1.3788927861141893 , -0.2 , 0.2 , 1.9899999999999993 , 0.0 , 0.0 , 0.0 , -0.2900000000000005 , 0.0 , 6358.574378162276 , 0.0 , 5.693254288593281 , 5.693254288593281 , 1.069879267835793 , 0.24408085111637354 , 0.24408085111637384 , -1.5474315536068741
9.950000000000006 , 0.05 , 6364.747628042532 , 0.0 , 4.817618777908083 , -1.1909396999139354 , 4.12669865949938 , -1.2403963506916922 , -0.8874483699803014 , 2.1096365043038268 , -0.2 , 0.35 , 1.0199999999999994 , 0.0 , 0.0 , 0.0 , 0.6949999999999996 , 0.0 , 6358.574378162276 , 0.0 , 5.705454609136246 , 5.705454609136246 , 0.980427004237609 , 0.24393200329059134 , 0.24393200329059164 , -2.029883288938835
